-- MySQL dump 10.13  Distrib 8.0.23, for Linux (x86_64)
--
-- Host: 127.0.0.1    Database: openmrs
-- ------------------------------------------------------
-- Server version	5.6.51

/*!40101 SET @OLD_CHARACTER_SET_CLIENT=@@CHARACTER_SET_CLIENT */;
/*!40101 SET @OLD_CHARACTER_SET_RESULTS=@@CHARACTER_SET_RESULTS */;
/*!40101 SET @OLD_COLLATION_CONNECTION=@@COLLATION_CONNECTION */;
/*!50503 SET NAMES utf8mb4 */;
/*!40103 SET @OLD_TIME_ZONE=@@TIME_ZONE */;
/*!40103 SET TIME_ZONE='+00:00' */;
/*!40014 SET @OLD_UNIQUE_CHECKS=@@UNIQUE_CHECKS, UNIQUE_CHECKS=0 */;
/*!40014 SET @OLD_FOREIGN_KEY_CHECKS=@@FOREIGN_KEY_CHECKS, FOREIGN_KEY_CHECKS=0 */;
/*!40101 SET @OLD_SQL_MODE=@@SQL_MODE, SQL_MODE='NO_AUTO_VALUE_ON_ZERO' */;
/*!40111 SET @OLD_SQL_NOTES=@@SQL_NOTES, SQL_NOTES=0 */;

--
-- Table structure for table `moh_regimens`
--

DROP TABLE IF EXISTS `moh_regimens`;
/*!40101 SET @saved_cs_client     = @@character_set_client */;
/*!50503 SET character_set_client = utf8mb4 */;
CREATE TABLE `moh_regimens` (
  `regimen_id` int(11) NOT NULL AUTO_INCREMENT,
  `regimen_index` int(11) NOT NULL,
  `description` text,
  `date_created` datetime DEFAULT NULL,
  `date_updated` datetime DEFAULT NULL,
  `creator` int(11) NOT NULL,
  `voided` tinyint(1) NOT NULL DEFAULT '0',
  `voided_by` int(11) DEFAULT NULL,
  PRIMARY KEY (`regimen_id`)
) ENGINE=InnoDB AUTO_INCREMENT=17 DEFAULT CHARSET=latin1;
/*!40101 SET character_set_client = @saved_cs_client */;

--
-- Dumping data for table `moh_regimens`
--

LOCK TABLES `moh_regimens` WRITE;
/*!40000 ALTER TABLE `moh_regimens` DISABLE KEYS */;
INSERT INTO `moh_regimens` VALUES (1,0,NULL,'2016-09-19 16:00:00','2016-09-19 16:00:00',1,0,NULL),(2,2,NULL,'2016-09-19 16:00:00','2016-09-19 16:00:00',1,0,NULL),(3,4,NULL,'2016-09-19 16:00:00','2016-09-19 16:00:00',1,0,NULL),(4,5,NULL,'2016-09-19 16:00:00','2016-09-19 16:00:00',1,0,NULL),(5,6,NULL,'2016-09-19 16:00:00','2016-09-19 16:00:00',1,0,NULL),(6,7,NULL,'2016-09-19 16:00:00','2016-09-19 16:00:00',1,0,NULL),(7,8,NULL,'2016-09-19 16:00:00','2016-09-19 16:00:00',1,0,NULL),(8,9,NULL,'2016-09-19 16:00:00','2016-09-19 16:00:00',1,0,NULL),(9,10,NULL,'2016-09-19 16:00:00','2016-09-19 16:00:00',1,0,NULL),(10,11,NULL,'2016-09-19 16:00:00','2016-09-19 16:00:00',1,0,NULL),(11,12,NULL,'2016-09-19 16:00:00','2016-09-19 16:00:00',1,0,NULL),(12,13,NULL,'2016-09-19 16:00:00','2016-09-19 16:00:00',1,0,NULL),(13,14,NULL,'2016-09-19 16:00:00','2016-09-19 16:00:00',1,0,NULL),(14,15,NULL,'2016-09-19 16:00:00','2016-09-19 16:00:00',1,0,NULL),(15,16,NULL,'2019-12-12 14:00:00','2019-12-12 14:00:00',1,0,NULL),(16,17,NULL,'2019-12-12 14:00:00','2019-12-12 14:00:00',1,0,NULL);
/*!40000 ALTER TABLE `moh_regimens` ENABLE KEYS */;
UNLOCK TABLES;

--
-- Table structure for table `moh_regimen_doses`
--

DROP TABLE IF EXISTS `moh_regimen_doses`;
/*!40101 SET @saved_cs_client     = @@character_set_client */;
/*!50503 SET character_set_client = utf8mb4 */;
CREATE TABLE `moh_regimen_doses` (
  `dose_id` int(11) NOT NULL AUTO_INCREMENT,
  `am` float DEFAULT NULL,
  `pm` float DEFAULT NULL,
  `date_created` datetime DEFAULT NULL,
  `date_updated` datetime DEFAULT NULL,
  `creator` int(11) DEFAULT NULL,
  `voided` tinyint(1) NOT NULL DEFAULT '0',
  `voided_by` int(11) DEFAULT NULL,
  PRIMARY KEY (`dose_id`)
) ENGINE=InnoDB AUTO_INCREMENT=24 DEFAULT CHARSET=latin1;
/*!40101 SET character_set_client = @saved_cs_client */;

--
-- Dumping data for table `moh_regimen_doses`
--

LOCK TABLES `moh_regimen_doses` WRITE;
/*!40000 ALTER TABLE `moh_regimen_doses` DISABLE KEYS */;
INSERT INTO `moh_regimen_doses` VALUES (1,1,1,'2016-09-19 16:00:00','2016-09-19 16:00:00',1,0,NULL),(2,1.5,1.5,'2016-09-19 16:00:00','2016-09-19 16:00:00',1,0,NULL),(3,2,2,'2016-09-19 16:00:00','2016-09-19 16:00:00',1,0,NULL),(4,2.5,2.5,'2016-09-19 16:00:00','2016-09-19 16:00:00',1,0,NULL),(5,3,3,'2016-09-19 16:00:00','2016-09-19 16:00:00',1,0,NULL),(6,0,1,'2016-09-19 16:00:00','2016-09-19 16:00:00',1,0,NULL),(7,0,1.5,'2016-09-19 16:00:00','2016-09-19 16:00:00',1,0,NULL),(8,0,2,'2016-09-19 16:00:00','2016-09-19 16:00:00',1,0,NULL),(9,0,0.5,'2016-09-19 16:00:00','2016-09-19 16:00:00',1,0,NULL),(10,2,1,'2016-09-19 16:00:00','2016-09-19 16:00:00',1,0,NULL),(11,0,2.5,'2016-09-19 16:00:00','2016-09-19 16:00:00',1,0,NULL),(12,0,3,'2016-09-19 16:00:00','2016-09-19 16:00:00',1,0,NULL),(13,1,0,'2016-09-19 16:00:00','2016-09-19 16:00:00',1,0,NULL),(14,1.5,0,'2016-09-19 16:00:00','2016-09-19 16:00:00',1,0,NULL),(15,2,0,'2016-09-19 16:00:00','2016-09-19 16:00:00',1,0,NULL),(16,2.5,0,'2016-09-19 16:00:00','2016-09-19 16:00:00',1,0,NULL),(17,3,0,'2016-09-19 16:00:00','2016-09-19 16:00:00',1,0,NULL),(18,4,4,'2016-09-19 16:00:00','2016-09-19 16:00:00',1,0,NULL),(19,6,6,'2019-12-12 14:00:00','2019-12-12 14:00:00',1,0,NULL),(20,5,5,'2020-06-29 15:17:11','2020-06-29 15:17:11',1,0,NULL),(21,0,4,'2020-07-26 15:13:01','2020-07-26 15:13:01',1,0,NULL),(22,0,5,'2020-07-26 15:13:01','2020-07-26 15:13:01',1,0,NULL),(23,0,6,'2020-07-26 15:13:01','2020-07-26 15:13:01',1,0,NULL);
/*!40000 ALTER TABLE `moh_regimen_doses` ENABLE KEYS */;
UNLOCK TABLES;

--
-- Table structure for table `moh_regimen_ingredient`
--

DROP TABLE IF EXISTS `moh_regimen_ingredient`;
/*!40101 SET @saved_cs_client     = @@character_set_client */;
/*!50503 SET character_set_client = utf8mb4 */;
CREATE TABLE `moh_regimen_ingredient` (
  `ingredient_id` int(11) NOT NULL AUTO_INCREMENT,
  `regimen_id` int(11) DEFAULT NULL,
  `drug_inventory_id` int(11) DEFAULT NULL,
  `dose_id` int(11) DEFAULT NULL,
  `min_weight` float DEFAULT NULL,
  `max_weight` float DEFAULT NULL,
  `date_created` datetime DEFAULT NULL,
  `date_updated` datetime DEFAULT NULL,
  `creator` int(11) DEFAULT NULL,
  `voided` tinyint(1) NOT NULL DEFAULT '0',
  `voided_by` int(11) DEFAULT NULL,
  `min_age` int(11) DEFAULT NULL,
  `max_age` int(11) DEFAULT NULL,
  `gender` varchar(255) DEFAULT 'MF',
  `course` varchar(255) DEFAULT NULL,
  PRIMARY KEY (`ingredient_id`)
) ENGINE=InnoDB AUTO_INCREMENT=167 DEFAULT CHARSET=latin1;
/*!40101 SET character_set_client = @saved_cs_client */;

--
-- Dumping data for table `moh_regimen_ingredient`
--

LOCK TABLES `moh_regimen_ingredient` WRITE;
/*!40000 ALTER TABLE `moh_regimen_ingredient` DISABLE KEYS */;
INSERT INTO `moh_regimen_ingredient` VALUES (1,1,1044,13,3,5.9,'2016-09-19 16:00:00','2016-09-19 16:00:00',1,0,NULL,0,120,'MF',NULL),(2,1,968,1,3,5.9,'2016-09-19 16:00:00','2016-09-19 16:00:00',1,0,NULL,0,120,'MF',NULL),(3,1,1044,14,6,9.9,'2016-09-19 16:00:00','2016-09-19 16:00:00',1,0,NULL,0,120,'MF',NULL),(4,1,968,2,6,9.9,'2016-09-19 16:00:00','2016-09-19 16:00:00',1,0,NULL,0,120,'MF',NULL),(5,1,1044,15,10,13.9,'2016-09-19 16:00:00','2016-09-19 16:00:00',1,0,NULL,0,120,'MF',NULL),(6,1,968,3,10,13.9,'2016-09-19 16:00:00','2016-09-19 16:00:00',1,0,NULL,0,120,'MF',NULL),(7,1,1044,16,14,19.9,'2016-09-19 16:00:00','2016-09-19 16:00:00',1,0,NULL,0,120,'MF',NULL),(8,1,968,4,14,19.9,'2016-09-19 16:00:00','2016-09-19 16:00:00',1,0,NULL,0,120,'MF',NULL),(9,1,1044,17,20,24.9,'2016-09-19 16:00:00','2016-09-19 16:00:00',1,0,NULL,0,120,'MF',NULL),(10,1,968,5,20,24.9,'2016-09-19 16:00:00','2016-09-19 16:00:00',1,0,NULL,0,120,'MF',NULL),(11,1,969,6,25,300,'2016-09-19 16:00:00','2016-09-19 16:00:00',1,0,NULL,0,120,'MF',NULL),(12,1,22,1,25,300,'2016-09-19 16:00:00','2016-09-19 16:00:00',1,0,NULL,0,120,'MF',NULL),(13,2,732,1,3,5.9,'2016-09-19 16:00:00','2016-09-19 16:00:00',1,0,NULL,0,120,'MF',NULL),(14,2,732,2,6,9.9,'2016-09-19 16:00:00','2016-09-19 16:00:00',1,0,NULL,0,120,'MF',NULL),(15,2,732,3,10,13.9,'2016-09-19 16:00:00','2016-09-19 16:00:00',1,0,NULL,0,120,'MF',NULL),(16,2,732,4,14,19.9,'2016-09-19 16:00:00','2016-09-19 16:00:00',1,0,NULL,0,120,'MF',NULL),(17,2,732,5,20,24.9,'2016-09-19 16:00:00','2016-09-19 16:00:00',1,0,NULL,0,120,'MF',NULL),(18,2,731,1,25,300,'2016-09-19 16:00:00','2016-09-19 16:00:00',1,0,NULL,0,120,'MF',NULL),(19,3,736,1,3,5.9,'2016-09-19 16:00:00','2016-09-19 16:00:00',1,0,NULL,0,120,'MF',NULL),(20,3,30,6,10,13.9,'2016-09-19 16:00:00','2016-09-19 16:00:00',1,0,NULL,0,120,'MF',NULL),(22,3,736,2,6,9.9,'2016-09-19 16:00:00','2016-09-19 16:00:00',1,0,NULL,0,120,'MF',NULL),(23,3,736,3,10,13.9,'2016-09-19 16:00:00','2016-09-19 16:00:00',1,0,NULL,0,120,'MF',NULL),(24,3,736,4,14,19.9,'2016-09-19 16:00:00','2016-09-19 16:00:00',1,0,NULL,0,120,'MF',NULL),(25,3,736,5,20,24.9,'2016-09-19 16:00:00','2016-09-19 16:00:00',1,0,NULL,0,120,'MF',NULL),(26,3,30,7,14,24.9,'2016-09-19 16:00:00','2016-09-19 16:00:00',1,0,NULL,0,120,'MF',NULL),(27,3,30,8,25,34.9,'2016-09-19 16:00:00','2016-09-19 16:00:00',1,0,NULL,0,120,'MF',NULL),(28,3,11,6,35,300,'2016-09-19 16:00:00','2016-09-19 16:00:00',1,0,NULL,0,120,'MF',NULL),(29,3,39,1,25,300,'2016-09-19 16:00:00','2016-09-19 16:00:00',1,0,NULL,0,120,'MF',NULL),(30,4,735,6,35,300,'2016-09-19 16:00:00','2016-09-19 16:00:00',1,0,NULL,0,120,'MF',NULL),(31,5,734,6,35,300,'2016-09-19 16:00:00','2016-09-19 16:00:00',1,0,NULL,0,120,'MF',NULL),(32,5,22,1,25,300,'2016-09-19 16:00:00','2016-09-19 16:00:00',1,0,NULL,0,120,'MF',NULL),(33,6,734,6,35,300,'2016-09-19 16:00:00','2016-09-19 16:00:00',1,0,NULL,0,120,'MF',NULL),(34,6,932,6,35,300,'2016-09-19 16:00:00','2016-09-19 16:00:00',1,0,NULL,0,120,'MF',NULL),(35,7,39,1,25,300,'2016-09-19 16:00:00','2016-09-19 16:00:00',1,0,NULL,0,120,'MF',NULL),(36,7,932,6,35,300,'2016-09-19 16:00:00','2016-09-19 16:00:00',1,0,NULL,0,120,'MF',NULL),(37,8,1044,13,3,5.9,'2016-09-19 16:00:00','2016-09-19 16:00:00',1,0,NULL,0,120,'MF',NULL),(38,8,1044,14,6,9.9,'2016-09-19 16:00:00','2016-09-19 16:00:00',1,0,NULL,0,120,'MF',NULL),(39,8,1044,15,10,13.9,'2016-09-19 16:00:00','2016-09-19 16:00:00',1,0,NULL,0,120,'MF',NULL),(40,8,1044,16,14,19.9,'2016-09-19 16:00:00','2016-09-19 16:00:00',1,0,NULL,0,120,'MF',NULL),(41,8,1044,17,20,24.9,'2016-09-19 16:00:00','2016-09-19 16:00:00',1,0,NULL,0,120,'MF',NULL),(42,8,969,6,25,300,'2016-09-19 16:00:00','2016-09-19 16:00:00',1,0,NULL,0,120,'MF',NULL),(43,8,979,3,3,3.9,'2016-09-19 16:00:00','2016-09-19 16:00:00',1,0,NULL,0,120,'MF',NULL),(44,8,979,3,4,5.9,'2016-09-19 16:00:00','2016-09-19 16:00:00',1,0,NULL,0,120,'MF',NULL),(45,8,74,10,6,13.9,'2016-09-19 16:00:00','2016-09-19 16:00:00',1,0,NULL,0,120,'MF',NULL),(46,8,74,3,14,24.9,'2016-09-19 16:00:00','2016-09-19 16:00:00',1,0,NULL,0,120,'MF',NULL),(47,8,74,5,25,34.9,'2016-09-19 16:00:00','2016-09-19 16:00:00',1,0,NULL,0,120,'MF',NULL),(48,8,73,3,35,300,'2016-09-19 16:00:00','2016-09-19 16:00:00',1,0,NULL,0,120,'MF',NULL),(49,9,734,6,35,300,'2016-09-19 16:00:00','2016-09-19 16:00:00',1,0,NULL,0,120,'MF',NULL),(50,9,73,3,35,300,'2016-09-19 16:00:00','2016-09-19 16:00:00',1,0,NULL,0,120,'MF',NULL),(51,10,736,1,3,5.9,'2016-09-19 16:00:00','2016-09-19 16:00:00',1,0,NULL,0,120,'MF',NULL),(52,10,736,2,6,9.9,'2016-09-19 16:00:00','2016-09-19 16:00:00',1,0,NULL,0,120,'MF',NULL),(53,10,736,3,10,13.9,'2016-09-19 16:00:00','2016-09-19 16:00:00',1,0,NULL,0,120,'MF',NULL),(54,10,736,4,14,19.9,'2016-09-19 16:00:00','2016-09-19 16:00:00',1,0,NULL,0,120,'MF',NULL),(55,10,736,5,20,24.9,'2016-09-19 16:00:00','2016-09-19 16:00:00',1,0,NULL,0,120,'MF',NULL),(56,10,979,3,3,3.9,'2016-09-19 16:00:00','2016-09-19 16:00:00',1,0,NULL,0,120,'MF',NULL),(57,10,979,3,4,5.9,'2016-09-19 16:00:00','2016-09-19 16:00:00',1,0,NULL,0,120,'MF',NULL),(58,10,74,10,6,13.9,'2016-09-19 16:00:00','2016-09-19 16:00:00',1,0,NULL,0,120,'MF',NULL),(59,10,74,3,14,24.9,'2016-09-19 16:00:00','2016-09-19 16:00:00',1,0,NULL,0,120,'MF',NULL),(60,10,74,5,25,34.9,'2016-09-19 16:00:00','2016-09-19 16:00:00',1,0,NULL,0,120,'MF',NULL),(61,10,39,1,25,300,'2016-09-19 16:00:00','2016-09-19 16:00:00',1,0,NULL,0,120,'MF',NULL),(62,10,73,3,35,300,'2016-09-19 16:00:00','2016-09-19 16:00:00',1,0,NULL,0,120,'MF',NULL),(63,11,976,1,35,300,'2016-09-19 16:00:00','2016-09-19 16:00:00',1,0,NULL,0,120,'MF',NULL),(64,11,977,1,35,300,'2016-09-19 16:00:00','2016-09-19 16:00:00',1,0,NULL,0,120,'MF',NULL),(67,12,983,13,30,300,'2018-10-19 10:36:10','2018-10-19 10:36:10',1,0,NULL,0,120,'M',NULL),(68,13,982,13,20,300,'2018-10-19 10:36:10','2018-10-19 10:36:10',1,0,NULL,0,120,'M',NULL),(69,14,982,13,20,300,'2018-10-19 10:36:10','2018-10-19 10:36:10',1,0,NULL,0,120,'M',NULL),(70,13,984,1,30,300,'2018-10-19 10:36:10','2018-10-19 10:36:10',1,0,NULL,0,120,'M',NULL),(71,14,969,13,25,300,'2018-10-19 10:36:10','2018-10-19 10:36:10',1,0,NULL,0,120,'M',NULL),(77,12,983,13,30,300,'2018-11-02 14:22:11','2018-11-02 14:22:11',1,0,NULL,45,120,'F',NULL),(78,13,982,13,20,300,'2018-11-02 14:22:12','2018-11-02 14:22:12',1,0,NULL,45,120,'F',NULL),(79,14,982,13,20,300,'2018-11-02 14:22:12','2018-11-02 14:22:12',1,0,NULL,45,120,'F',NULL),(80,13,984,1,30,300,'2018-11-02 14:22:12','2018-11-02 14:22:12',1,0,NULL,45,120,'F',NULL),(81,14,969,13,25,300,'2018-11-02 14:22:12','2018-11-02 14:22:12',1,0,NULL,45,120,'F',NULL),(82,NULL,963,6,3,5.9,'2019-12-12 13:54:51','2019-12-12 13:54:51',1,0,NULL,NULL,NULL,'MF',NULL),(83,NULL,963,1,6,13.9,'2019-12-12 13:54:51','2019-12-12 13:54:51',1,0,NULL,NULL,NULL,'MF',NULL),(84,NULL,963,3,14,24.9,'2019-12-12 13:54:51','2019-12-12 13:54:51',1,0,NULL,NULL,NULL,'MF',NULL),(85,NULL,297,9,6,13.9,'2019-12-12 13:54:51','2019-12-12 13:54:51',1,0,NULL,NULL,NULL,'MF',NULL),(86,NULL,297,6,14,24.9,'2019-12-12 13:54:51','2019-12-12 13:54:51',1,0,NULL,NULL,NULL,'MF',NULL),(87,NULL,297,8,25,200,'2019-12-12 13:54:51','2019-12-12 13:54:51',1,0,NULL,NULL,NULL,'MF',NULL),(88,NULL,576,9,14,24.9,'2019-12-12 13:54:51','2019-12-12 13:54:51',1,0,NULL,NULL,NULL,'MF',NULL),(89,NULL,576,6,25,200,'2019-12-12 13:54:51','2019-12-12 13:54:51',1,0,NULL,NULL,NULL,'MF',NULL),(90,NULL,24,9,3,5.9,'2019-12-12 13:54:51','2019-12-12 13:54:51',1,0,NULL,NULL,NULL,'MF',NULL),(91,NULL,24,6,6,9.9,'2019-12-12 13:54:51','2019-12-12 13:54:51',1,0,NULL,NULL,NULL,'MF',NULL),(92,NULL,24,7,10,13.9,'2019-12-12 13:54:51','2019-12-12 13:54:51',1,0,NULL,NULL,NULL,'MF',NULL),(93,NULL,24,8,14,19.9,'2019-12-12 13:54:51','2019-12-12 13:54:51',1,0,NULL,NULL,NULL,'MF',NULL),(94,NULL,24,11,20,24.9,'2019-12-12 13:54:51','2019-12-12 13:54:51',1,0,NULL,NULL,NULL,'MF',NULL),(95,NULL,931,9,14,24.9,'2019-12-12 13:54:51','2019-12-12 13:54:51',1,0,NULL,NULL,NULL,'MF',NULL),(96,NULL,931,6,25,300,'2019-12-12 13:54:51','2019-12-12 13:54:51',1,0,NULL,NULL,NULL,'MF',NULL),(97,NULL,83,13,3,300,'2019-12-12 13:54:51','2019-12-12 13:54:51',1,0,NULL,NULL,NULL,'MF',NULL),(102,11,982,13,20,300,'2019-01-14 13:54:51','2019-12-12 13:00:00',1,0,NULL,NULL,NULL,'MF',NULL),(103,8,74,1,3,3.9,'2019-08-09 11:22:34','2019-08-09 11:22:34',1,0,NULL,NULL,NULL,'MF',NULL),(104,8,74,2,4,5.9,'2019-08-09 11:22:55','2019-08-09 11:22:55',1,0,NULL,NULL,NULL,'MF',NULL),(105,10,74,1,3,3.9,'2019-08-09 11:23:29','2019-08-09 11:23:29',1,0,NULL,NULL,NULL,'MF',NULL),(106,10,74,2,4,5.9,'2019-08-09 11:23:43','2019-08-09 11:23:43',1,0,NULL,NULL,NULL,'MF',NULL),(107,15,1044,13,3,5.9,'2016-09-19 16:00:00','2016-09-19 16:00:00',1,0,NULL,NULL,NULL,'MF',NULL),(108,15,1044,14,6,9.9,'2016-09-19 16:00:00','2016-09-19 16:00:00',1,0,NULL,NULL,NULL,'MF',NULL),(109,15,1044,15,10,13.9,'2016-09-19 16:00:00','2016-09-19 16:00:00',1,0,NULL,NULL,NULL,'MF',NULL),(110,15,1044,16,14,19.9,'2016-09-19 16:00:00','2016-09-19 16:00:00',1,0,NULL,NULL,NULL,'MF',NULL),(111,15,1044,17,20,24.9,'2016-09-19 16:00:00','2016-09-19 16:00:00',1,0,NULL,NULL,NULL,'MF',NULL),(117,15,1043,1,3,3.9,'2019-12-12 13:54:51','2019-12-12 13:54:51',1,0,NULL,NULL,NULL,'MF',NULL),(118,15,1043,3,4,5.9,'2019-12-12 13:54:51','2019-12-12 13:54:51',1,0,NULL,NULL,NULL,'MF',NULL),(119,15,1043,5,6,9.9,'2019-12-12 13:54:51','2019-12-12 13:54:51',1,0,NULL,NULL,NULL,'MF',NULL),(120,15,1043,18,10,13.9,'2019-12-12 13:54:51','2019-12-12 13:54:51',1,0,NULL,NULL,NULL,'MF',NULL),(121,15,1043,18,14,19.9,'2019-12-12 13:54:51','2019-12-12 13:54:51',1,0,NULL,NULL,NULL,'MF',NULL),(122,15,1043,19,20,24.9,'2019-12-12 13:54:51','2019-12-12 13:54:51',1,0,NULL,NULL,NULL,'MF',NULL),(123,15,954,1,25,300,'2019-12-12 13:54:51','2019-12-12 13:54:51',NULL,0,NULL,NULL,NULL,'MF',NULL),(124,15,969,13,25,300,'2019-12-12 14:22:12','2019-12-12 14:22:12',1,0,NULL,NULL,NULL,'MF',NULL),(125,16,30,6,10,13.9,'2019-12-12 13:00:00','2019-12-12 13:00:00',1,0,NULL,NULL,NULL,'MF',NULL),(126,16,30,7,14,24.9,'2019-12-12 13:00:00','2019-12-12 13:00:00',1,0,NULL,NULL,NULL,'MF',NULL),(127,16,30,8,25,34.9,'2019-12-12 13:00:00','2019-12-12 13:00:00',1,0,NULL,NULL,NULL,'MF',NULL),(128,16,11,6,35,300,'2019-12-12 13:00:00','2019-12-12 13:00:00',1,0,NULL,NULL,NULL,'MF',NULL),(129,16,1044,13,3,5.9,'2019-12-19 14:00:00','2019-12-19 14:00:00',1,0,NULL,NULL,NULL,'MF',NULL),(130,16,1044,14,6,9.9,'2019-12-19 14:00:00','2019-12-19 14:00:00',1,0,NULL,NULL,NULL,'MF',NULL),(131,16,1044,15,10,13.9,'2019-12-19 14:00:00','2019-12-19 14:00:00',1,0,NULL,NULL,NULL,'MF',NULL),(132,16,1044,16,14,19.9,'2019-12-19 14:00:00','2019-12-19 14:00:00',1,0,NULL,NULL,NULL,'MF',NULL),(133,16,1044,17,20,24.9,'2019-12-19 14:00:00','2019-12-19 14:00:00',1,0,NULL,NULL,NULL,'MF',NULL),(134,16,969,13,25,300,'2019-12-12 14:22:12','2019-12-12 14:22:12',1,0,NULL,NULL,NULL,'MF',NULL),(135,14,1044,13,3,5.9,'2020-05-20 09:27:42','2020-05-20 09:27:42',1,0,NULL,NULL,NULL,'MF',NULL),(136,14,1044,14,6,9.9,'2020-05-20 09:28:09','2020-05-20 09:28:09',1,0,NULL,NULL,NULL,'MF',NULL),(137,14,1044,15,10,13.9,'2020-05-20 09:28:46','2020-05-20 09:28:46',1,0,NULL,NULL,NULL,'MF',NULL),(138,14,1044,16,14,19.9,'2020-05-20 09:29:08','2020-05-20 09:29:08',1,0,NULL,NULL,NULL,'MF',NULL),(139,14,1044,17,20,24.9,'2020-05-20 09:29:37','2020-05-20 09:29:37',1,0,NULL,NULL,NULL,'MF',NULL),(140,13,736,1,3,5.9,'2020-05-20 10:15:25','2020-05-20 10:15:25',1,0,NULL,NULL,NULL,'MF',NULL),(141,13,736,2,6,9.9,'2020-05-20 10:16:22','2020-05-20 10:16:22',1,0,NULL,NULL,NULL,'MF',NULL),(142,13,736,3,10,13.9,'2020-05-20 10:16:43','2020-05-20 10:16:43',1,0,NULL,NULL,NULL,'MF',NULL),(143,13,736,4,14,19.9,'2020-05-20 10:16:59','2020-05-20 10:16:59',1,0,NULL,NULL,NULL,'MF',NULL),(144,13,736,5,20,24.9,'2020-05-20 10:17:15','2020-05-20 10:17:15',1,0,NULL,NULL,NULL,'MF',NULL),(145,8,1045,3,3,5.9,NULL,NULL,NULL,0,NULL,NULL,NULL,'MF',NULL),(146,8,1045,5,6,9.9,NULL,NULL,NULL,0,NULL,NULL,NULL,'MF',NULL),(147,8,1045,18,10,13.9,NULL,NULL,NULL,0,NULL,NULL,NULL,'MF',NULL),(148,8,1045,20,14,19.9,NULL,NULL,NULL,0,NULL,NULL,NULL,'MF',NULL),(149,8,1045,19,20,24.9,NULL,NULL,NULL,0,NULL,NULL,NULL,'MF',NULL),(150,10,1045,3,3,5.9,NULL,NULL,NULL,0,NULL,NULL,NULL,'MF',NULL),(151,10,1045,5,6,9.9,NULL,NULL,NULL,0,NULL,NULL,NULL,'MF',NULL),(152,10,1045,18,10,13.9,NULL,NULL,NULL,0,NULL,NULL,NULL,'MF',NULL),(153,10,1045,20,14,19.9,NULL,NULL,NULL,0,NULL,NULL,NULL,'MF',NULL),(154,10,1045,19,20,24.9,NULL,NULL,NULL,0,NULL,NULL,NULL,'MF',NULL),(155,NULL,1056,12,20,24.9,'2020-07-26 15:06:29','2020-07-26 15:06:29',1,0,NULL,NULL,NULL,'MF','3HP'),(157,NULL,1056,21,25,29.9,'2020-07-26 15:15:14','2020-07-26 15:15:14',1,0,NULL,NULL,NULL,'MF','3HP'),(158,NULL,1056,22,30,49.9,'2020-07-26 15:15:28','2020-07-26 15:15:28',1,0,NULL,NULL,NULL,'MF','3HP'),(159,NULL,1056,23,50,1000,'2020-07-26 15:16:30','2020-07-26 15:16:30',1,0,NULL,NULL,NULL,'MF','3HP'),(162,NULL,24,6,20,24.9,'2020-08-06 13:07:10','2020-08-06 13:07:10',1,0,NULL,NULL,NULL,'MF','3HP'),(163,NULL,24,7,25,34.9,'2020-08-06 13:07:57','2020-08-06 13:07:57',1,0,NULL,NULL,NULL,'MF','3HP'),(164,NULL,24,8,35,49.9,'2020-08-06 13:09:26','2020-08-06 13:09:26',1,0,NULL,NULL,NULL,'MF','3HP'),(165,NULL,24,12,50,1000,'2020-08-06 13:09:39','2020-08-06 13:09:39',1,0,NULL,NULL,NULL,'MF','3HP'),(166,NULL,83,13,3,300,'2020-08-06 13:35:26','2020-08-06 13:35:26',1,0,NULL,NULL,NULL,'MF','3HP');
/*!40000 ALTER TABLE `moh_regimen_ingredient` ENABLE KEYS */;
UNLOCK TABLES;

--
-- Table structure for table `moh_regimen_ingredient_starter_packs`
--

DROP TABLE IF EXISTS `moh_regimen_ingredient_starter_packs`;
/*!40101 SET @saved_cs_client     = @@character_set_client */;
/*!50503 SET character_set_client = utf8mb4 */;
CREATE TABLE `moh_regimen_ingredient_starter_packs` (
  `ingredient_id` int(11) NOT NULL AUTO_INCREMENT,
  `regimen_id` int(11) DEFAULT NULL,
  `drug_inventory_id` int(11) DEFAULT NULL,
  `dose_id` int(11) DEFAULT NULL,
  `min_weight` float DEFAULT NULL,
  `max_weight` float DEFAULT NULL,
  `date_created` datetime DEFAULT NULL,
  `date_updated` datetime DEFAULT NULL,
  `creator` int(11) DEFAULT NULL,
  `voided` tinyint(1) NOT NULL DEFAULT '0',
  `voided_by` int(11) DEFAULT NULL,
  PRIMARY KEY (`ingredient_id`)
) ENGINE=InnoDB AUTO_INCREMENT=51 DEFAULT CHARSET=latin1;
/*!40101 SET character_set_client = @saved_cs_client */;

--
-- Dumping data for table `moh_regimen_ingredient_starter_packs`
--

LOCK TABLES `moh_regimen_ingredient_starter_packs` WRITE;
/*!40000 ALTER TABLE `moh_regimen_ingredient_starter_packs` DISABLE KEYS */;
INSERT INTO `moh_regimen_ingredient_starter_packs` VALUES (1,1,1044,13,3,5.9,'2016-09-19 16:00:00','2016-09-19 16:00:00',1,0,NULL),(2,1,968,6,3,5.9,'2016-09-19 16:00:00','2016-09-19 16:00:00',1,0,NULL),(3,1,1044,14,6,9.9,'2016-09-19 16:00:00','2016-09-19 16:00:00',1,0,NULL),(4,1,968,7,6,9.9,'2016-09-19 16:00:00','2016-09-19 16:00:00',1,0,NULL),(5,1,1044,15,10,13.9,'2016-09-19 16:00:00','2016-09-19 16:00:00',1,0,NULL),(6,1,968,8,10,13.9,'2016-09-19 16:00:00','2016-09-19 16:00:00',1,0,NULL),(7,1,1044,16,14,19.9,'2016-09-19 16:00:00','2016-09-19 16:00:00',1,0,NULL),(8,1,968,11,14,19.9,'2016-09-19 16:00:00','2016-09-19 16:00:00',1,0,NULL),(9,1,1044,17,20,24.9,'2016-09-19 16:00:00','2016-09-19 16:00:00',1,0,NULL),(10,1,968,12,20,24.9,'2016-09-19 16:00:00','2016-09-19 16:00:00',1,0,NULL),(11,1,969,6,25,300,'2016-09-19 16:00:00','2016-09-19 16:00:00',1,0,NULL),(12,1,22,6,25,300,'2016-09-19 16:00:00','2016-09-19 16:00:00',1,0,NULL),(31,5,734,6,35,300,'2016-09-19 16:00:00','2016-09-19 16:00:00',1,0,NULL),(32,5,22,6,25,300,'2016-09-19 16:00:00','2016-09-19 16:00:00',1,0,NULL),(39,2,736,13,3,5.9,'2016-09-19 16:00:00','2016-09-19 16:00:00',1,0,NULL),(40,2,736,14,6,9.9,'2016-09-19 16:00:00','2016-09-19 16:00:00',1,0,NULL),(41,2,736,15,10,13.9,'2016-09-19 16:00:00','2016-09-19 16:00:00',1,0,NULL),(42,2,736,16,14,19.9,'2016-09-19 16:00:00','2016-09-19 16:00:00',1,0,NULL),(43,2,736,17,20,24.9,'2016-09-19 16:00:00','2016-09-19 16:00:00',1,0,NULL),(44,2,39,13,25,300,'2016-09-19 16:00:00','2016-09-19 16:00:00',1,0,NULL),(45,2,732,6,3,5.9,'2016-09-19 16:00:00','2016-09-19 16:00:00',1,0,NULL),(46,2,732,7,6,9.9,'2016-09-19 16:00:00','2016-09-19 16:00:00',1,0,NULL),(47,2,732,8,10,13.9,'2016-09-19 16:00:00','2016-09-19 16:00:00',1,0,NULL),(48,2,732,11,14,19.9,'2016-09-19 16:00:00','2016-09-19 16:00:00',1,0,NULL),(49,2,732,12,20,24.9,'2016-09-19 16:00:00','2016-09-19 16:00:00',1,0,NULL),(50,2,731,6,25,300,'2016-09-19 16:00:00','2016-09-19 16:00:00',1,0,NULL);
/*!40000 ALTER TABLE `moh_regimen_ingredient_starter_packs` ENABLE KEYS */;
UNLOCK TABLES;

--
-- Table structure for table `moh_regimen_lookup`
--

DROP TABLE IF EXISTS `moh_regimen_lookup`;
/*!40101 SET @saved_cs_client     = @@character_set_client */;
/*!50503 SET character_set_client = utf8mb4 */;
CREATE TABLE `moh_regimen_lookup` (
  `regimen_lookup_id` int(11) NOT NULL AUTO_INCREMENT,
  `num_of_drug_combination` int(11) DEFAULT NULL,
  `regimen_name` varchar(5) NOT NULL,
  `drug_inventory_id` int(11) DEFAULT NULL,
  `date_created` datetime DEFAULT NULL,
  `date_updated` datetime DEFAULT NULL,
  `creator` int(11) DEFAULT NULL,
  `voided` tinyint(1) NOT NULL DEFAULT '0',
  `voided_by` int(11) DEFAULT NULL,
  PRIMARY KEY (`regimen_lookup_id`)
) ENGINE=InnoDB AUTO_INCREMENT=48 DEFAULT CHARSET=latin1;
/*!40101 SET character_set_client = @saved_cs_client */;

--
-- Dumping data for table `moh_regimen_lookup`
--

LOCK TABLES `moh_regimen_lookup` WRITE;
/*!40000 ALTER TABLE `moh_regimen_lookup` DISABLE KEYS */;
INSERT INTO `moh_regimen_lookup` VALUES (1,2,'0P',1044,'2016-09-19 16:00:00','2016-09-19 16:00:00',1,0,NULL),(2,2,'0P',968,'2016-09-19 16:00:00','2016-09-19 16:00:00',1,0,NULL),(3,2,'0A',969,'2016-09-19 16:00:00','2016-09-19 16:00:00',1,0,NULL),(4,2,'0A',22,'2016-09-19 16:00:00','2016-09-19 16:00:00',1,0,NULL),(5,1,'2P',732,'2016-09-19 16:00:00','2016-09-19 16:00:00',1,0,NULL),(6,1,'2A',731,'2016-09-19 16:00:00','2016-09-19 16:00:00',1,0,NULL),(7,2,'4P',736,'2016-09-19 16:00:00','2016-09-19 16:00:00',1,0,NULL),(8,2,'4P',30,'2016-09-19 16:00:00','2016-09-19 16:00:00',1,0,NULL),(9,2,'4A',39,'2016-09-19 16:00:00','2016-09-19 16:00:00',1,0,NULL),(10,2,'4A',11,'2016-09-19 16:00:00','2016-09-19 16:00:00',1,0,NULL),(11,1,'5A',735,'2016-09-19 16:00:00','2016-09-19 16:00:00',1,0,NULL),(12,2,'6A',734,'2016-09-19 16:00:00','2016-09-19 16:00:00',1,0,NULL),(13,2,'6A',22,'2016-09-19 16:00:00','2016-09-19 16:00:00',1,0,NULL),(14,2,'7A',734,'2016-09-19 16:00:00','2016-09-19 16:00:00',1,0,NULL),(15,2,'7A',932,'2016-09-19 16:00:00','2016-09-19 16:00:00',1,0,NULL),(16,2,'8A',39,'2016-09-19 16:00:00','2016-09-19 16:00:00',1,0,NULL),(17,2,'8A',932,'2016-09-19 16:00:00','2016-09-19 16:00:00',1,0,NULL),(18,2,'9P',1044,'2016-09-19 16:00:00','2016-09-19 16:00:00',1,0,NULL),(19,2,'9P',74,'2016-09-19 16:00:00','2016-09-19 16:00:00',1,0,NULL),(20,2,'9A',969,'2016-09-19 16:00:00','2016-09-19 16:00:00',1,0,NULL),(21,2,'9A',73,'2016-09-19 16:00:00','2016-09-19 16:00:00',1,0,NULL),(22,2,'10A',734,'2016-09-19 16:00:00','2016-09-19 16:00:00',1,0,NULL),(23,2,'10A',73,'2016-09-19 16:00:00','2016-09-19 16:00:00',1,0,NULL),(24,2,'11P',736,'2016-09-19 16:00:00','2016-09-19 16:00:00',1,0,NULL),(25,2,'11P',74,'2016-09-19 16:00:00','2016-09-19 16:00:00',1,0,NULL),(26,2,'11A',39,'2016-09-19 16:00:00','2016-09-19 16:00:00',1,0,NULL),(27,2,'11A',73,'2016-09-19 16:00:00','2016-09-19 16:00:00',1,0,NULL),(28,4,'12A',976,'2016-09-19 16:00:00','2016-09-19 16:00:00',1,0,NULL),(29,4,'12A',977,'2016-09-19 16:00:00','2016-09-19 16:00:00',1,0,NULL),(30,4,'12A',954,'2016-09-19 16:00:00','2016-09-19 16:00:00',1,0,NULL),(31,4,'12A',978,'2016-09-19 16:00:00','2016-09-19 16:00:00',1,0,NULL),(33,2,'9P',979,'2016-09-19 16:00:00','2016-09-19 16:00:00',1,0,NULL),(34,2,'11P',979,'2016-09-19 16:00:00','2016-09-19 16:00:00',1,0,NULL),(35,1,'13A',983,'2019-08-09 11:00:58','2019-08-09 11:00:58',1,0,NULL),(36,2,'14A',984,'2019-08-09 11:01:41','2019-08-09 11:01:41',1,0,NULL),(37,2,'14A',982,'2019-08-09 11:01:49','2019-08-09 11:01:49',1,0,NULL),(38,2,'16P',1044,'2019-12-12 13:00:00','2019-12-12 13:00:00',1,0,NULL),(39,2,'16P',1043,'2019-12-12 13:00:00','2019-12-12 13:00:00',1,0,NULL),(40,2,'16A',954,'2019-12-12 13:00:00','2019-12-12 13:00:00',1,0,NULL),(41,2,'16A',969,'2019-12-12 13:00:00','2019-12-12 13:00:00',1,0,NULL),(42,2,'17A',969,'2019-12-12 13:00:00','2019-12-12 13:00:00',1,0,NULL),(43,2,'17A',11,'2019-12-12 13:00:00','2019-12-12 13:00:00',1,0,NULL),(44,2,'17P',1044,'2019-12-12 13:00:00','2019-12-12 13:00:00',1,0,NULL),(45,2,'17P',30,'2019-12-12 13:00:00','2019-12-12 13:00:00',1,0,NULL),(46,2,'9P',1045,'2020-06-29 15:24:43','2020-06-29 15:24:43',1,0,NULL),(47,2,'11P',1045,'2020-06-29 15:24:52','2020-06-29 15:24:52',1,0,NULL);
/*!40000 ALTER TABLE `moh_regimen_lookup` ENABLE KEYS */;
UNLOCK TABLES;

--
-- Table structure for table `moh_regimen_ingredient_tb_treatment`
--

DROP TABLE IF EXISTS `moh_regimen_ingredient_tb_treatment`;
/*!40101 SET @saved_cs_client     = @@character_set_client */;
/*!50503 SET character_set_client = utf8mb4 */;
CREATE TABLE `moh_regimen_ingredient_tb_treatment` (
  `ingredient_id` int(11) NOT NULL DEFAULT '0',
  `regimen_id` int(11) DEFAULT NULL,
  `drug_inventory_id` int(11) DEFAULT NULL,
  `dose_id` int(11) DEFAULT NULL,
  `min_weight` float DEFAULT NULL,
  `max_weight` float DEFAULT NULL,
  `date_created` datetime DEFAULT NULL,
  `date_updated` datetime DEFAULT NULL,
  `creator` int(11) DEFAULT NULL,
  `voided` tinyint(1) NOT NULL DEFAULT '0',
  `voided_by` int(11) DEFAULT NULL
) ENGINE=InnoDB DEFAULT CHARSET=latin1;
/*!40101 SET character_set_client = @saved_cs_client */;

--
-- Dumping data for table `moh_regimen_ingredient_tb_treatment`
--

LOCK TABLES `moh_regimen_ingredient_tb_treatment` WRITE;
/*!40000 ALTER TABLE `moh_regimen_ingredient_tb_treatment` DISABLE KEYS */;
INSERT INTO `moh_regimen_ingredient_tb_treatment` VALUES (33,6,73,18,35,300,'2016-09-19 16:00:00','2016-09-19 16:00:00',1,0,NULL),(34,6,734,6,35,300,'2016-09-19 16:00:00','2016-09-19 16:00:00',1,0,NULL),(35,7,39,1,25,300,'2016-09-19 16:00:00','2016-09-19 16:00:00',1,0,NULL),(36,7,73,18,35,300,'2016-09-19 16:00:00','2016-09-19 16:00:00',1,0,NULL);
/*!40000 ALTER TABLE `moh_regimen_ingredient_tb_treatment` ENABLE KEYS */;
UNLOCK TABLES;

--
-- Table structure for table `alternative_drug_names`
--

DROP TABLE IF EXISTS `alternative_drug_names`;
/*!40101 SET @saved_cs_client     = @@character_set_client */;
/*!50503 SET character_set_client = utf8mb4 */;
CREATE TABLE `alternative_drug_names` (
  `id` bigint(20) NOT NULL AUTO_INCREMENT,
  `name` varchar(255) NOT NULL,
  `short_name` varchar(255) DEFAULT NULL,
  `drug_inventory_id` int(11) NOT NULL,
  `created_at` datetime NOT NULL,
  `updated_at` datetime NOT NULL,
  PRIMARY KEY (`id`)
) ENGINE=InnoDB AUTO_INCREMENT=82 DEFAULT CHARSET=utf8;
/*!40101 SET character_set_client = @saved_cs_client */;

--
-- Dumping data for table `alternative_drug_names`
--

LOCK TABLES `alternative_drug_names` WRITE;
/*!40000 ALTER TABLE `alternative_drug_names` DISABLE KEYS */;
INSERT INTO `alternative_drug_names` VALUES (1,'EFV 600','EFV 600',11,'2018-12-19 09:13:48','2021-03-24 15:26:06'),(2,'Nevirapine 10mg/ml','NVP 10',21,'2018-12-19 09:13:49','2018-12-19 09:13:49'),(3,'NVP 200','NVP 200',22,'2018-12-19 09:13:49','2021-03-24 15:32:26'),(4,'INH 100','Isoniazid 100',24,'2018-12-19 09:13:49','2018-12-19 09:13:49'),(5,'EFV 200','EFV 200',30,'2018-12-19 09:13:49','2021-03-24 15:25:43'),(6,'AZT 300 / 3TC 150','AZT 300 / 3TC 150',39,'2018-12-19 09:13:49','2021-03-24 15:17:00'),(7,'LPV 200 / r 50','LPV/r 200/50',73,'2018-12-19 09:13:49','2021-03-24 15:30:57'),(8,'LPV 100 / r 25','LPV/ r  100/25',74,'2018-12-19 09:13:49','2021-03-24 15:30:09'),(9,'Pyridoxine 50','Pyridoxine 50',76,'2018-12-19 09:13:49','2018-12-19 09:13:49'),(10,'CPT 480','CPT 480',297,'2018-12-19 09:13:49','2018-12-19 09:13:49'),(11,'CPT 960','CPT 960',576,'2018-12-19 09:13:49','2018-12-19 09:13:49'),(12,'d4T 40 / 3TC 150 / NVP 200','d4T 150 /3TC 30 / NVP 200',613,'2018-12-19 09:13:49','2021-03-24 15:27:56'),(13,'AZT 300 / 3TC 150 / NVP 200','AZT 300 / 3TC 150 / NVP 200',731,'2018-12-19 09:13:49','2021-03-24 15:18:06'),(14,'AZT 60 / 3TC  30 / NVP 50','AZT 30 / 3TC 60 / NVP 50',732,'2018-12-19 09:13:49','2021-03-24 15:19:16'),(15,'ABC 60 / 3TC 30','ABC 60 / 3TC 30',733,'2018-12-19 09:13:49','2021-03-24 15:13:34'),(16,'TDF 300 / 3TC 300','TDF 300 / 3TC 300',734,'2018-12-19 09:13:49','2021-03-24 15:37:10'),(17,'TDF 300 / 3TC 300 / EFV 600','TDF 300 / 3TC 300 / EFV 600',735,'2018-12-19 09:13:49','2021-03-24 15:37:49'),(18,'AZT 60 / 3TC 30','AZT 60 / 3TC 30',736,'2018-12-19 09:13:49','2021-03-24 15:17:28'),(19,'d4T 30 / 3TC 150','d4T 30 / 3TC 150',738,'2018-12-19 09:13:49','2021-03-24 15:26:42'),(20,'INH 300','Isoniazid 300',931,'2018-12-19 09:13:49','2018-12-19 09:13:49'),(21,'ATV 300 / r 100','ATV/r 300/100',932,'2018-12-19 09:13:49','2021-03-24 15:15:37'),(22,'CPT 120','CTX 120',963,'2018-12-19 09:13:49','2018-12-19 09:13:49'),(23,'NVP 50','NVP 50',968,'2018-12-19 09:13:49','2021-03-24 15:32:39'),(24,'ABC 600 / 3TC 300','ABC 600 / 3TC 300',969,'2018-12-19 09:13:49','2021-03-24 15:14:04'),(25,'Nevirapine 10mg/ml','NVP 10',971,'2018-12-19 09:13:49','2018-12-19 09:13:49'),(26,'DTG 10','DTG 10',980,'2018-12-19 09:13:49','2021-03-24 15:24:46'),(27,'DTG 25','DTG 25',981,'2018-12-19 09:13:49','2021-03-24 15:25:01'),(28,'DTG 50','DTG 50',982,'2018-12-19 09:13:49','2021-03-24 15:25:15'),(29,'DRV 600','DRV 600',976,'2018-12-19 09:13:49','2021-03-24 15:21:42'),(30,'r 100','r 100',977,'2018-12-19 09:13:49','2021-03-24 15:36:08'),(31,'d4T 30','d 4T (Stavudine 30mg tablet)',5,'2019-01-23 13:14:06','2021-03-24 15:23:48'),(32,'d4T 40','d 4T (Stavudine 40mg tablet)',6,'2019-01-23 13:14:06','2021-03-24 15:24:01'),(33,'d4T 20','d 4T (Stavudine 20mg tablet)',31,'2019-01-23 13:14:06','2021-03-24 15:23:30'),(34,'d4T 15','d 4T (Stavudine 15mg tablet)',32,'2019-01-23 13:14:06','2021-03-24 15:23:08'),(35,'d 4T (Stavudine syrup)','d 4T (Stavudine syrup)',95,'2019-01-23 13:14:06','2019-01-23 13:14:06'),(36,'3TC (Lamivudine syrup 10mg / mL from 100mL bottle)','3TC (Lamivudine syrup 10mg / mL from 100mL bottle)',41,'2019-01-23 13:14:06','2019-01-23 13:14:06'),(37,'3TC 150','3TC (Lamivudine 150mg tablet)',42,'2019-01-23 13:14:06','2021-03-24 15:11:47'),(38,'Lamivudine (5ml bottle)','Lamivudine (5ml bottle)',177,'2019-01-23 13:14:06','2019-01-23 13:14:06'),(39,'3TC 300','Lamivudine 300',957,'2019-01-23 13:14:06','2021-03-24 15:29:37'),(40,'Zidolam','Zidolam',89,'2019-01-23 13:14:06','2019-01-23 13:14:06'),(41,'AZT 300 / 3TC 300','AZT 300 / 3TC 300',984,'2019-01-23 13:14:06','2019-01-23 13:14:06'),(42,'NVP (Nevirapine syrup 1mL / dose in 25mL bottle)','NVP (Nevirapine syrup 1mL / dose in 25mL bottle)',817,'2019-01-23 13:14:06','2019-01-23 13:14:06'),(43,'EFV 100','EFV (Efavirenz 100mg tablet)',28,'2019-01-23 13:14:06','2021-03-24 15:25:28'),(44,'EFV 50','EFV (Efavirenz 50mg tablet)',29,'2019-01-23 13:14:06','2021-03-24 15:25:54'),(45,'NFV','NFV(Nelfinavir)',951,'2019-01-23 13:14:06','2021-03-24 15:32:15'),(46,'Triomune - 30','Triomune - 30',2,'2019-01-23 13:14:06','2019-01-23 13:14:06'),(47,'Triomune - 40','Triomune - 40',3,'2019-01-23 13:14:06','2019-01-23 13:14:06'),(48,'d4T 6 / 3TC 30 / NVP 50','Triomune baby (d 4T / 3TC / NVP 6 / 30 / 50mg tablet)',72,'2019-01-23 13:14:06','2021-03-24 15:38:43'),(49,'Duovir - N','Duovir - N',104,'2019-01-23 13:14:06','2019-01-23 13:14:06'),(50,'D 4T + 3TC / D 4T + 3TC + NVP','D 4T + 3TC / D 4T + 3TC + NVP',730,'2019-01-23 13:14:06','2019-01-23 13:14:06'),(51,'d4T 12 / 3TC 60 / NVP 100','Triomune junior (d 4T / 3TC / NVP 12 / 60 / 100mg tablet)',813,'2019-01-23 13:14:06','2021-03-24 15:39:18'),(52,'LPV / r (cold; Lopanavir and Ritonavir 166 mg tab)','LPV / r (cold; Lopanavir and Ritonavir 166 mg tab)',23,'2019-01-23 13:14:06','2019-01-23 13:14:06'),(53,'LPV / r','LPV / r (Lopinavir and Ritonavir syrup)',94,'2019-01-23 13:14:06','2021-03-24 15:31:29'),(54,'LPV 133 / r 33','LPV / r (Lopinavir and Ritonavir 133 / 33mg tablet)',739,'2019-01-23 13:14:06','2021-03-24 15:30:32'),(55,'DDI 125','DDI (Didanosine 125mg tablet)',9,'2019-01-23 13:14:06','2021-03-24 15:21:57'),(56,'DDI 200','DDI (Didanosine 200mg tablet)',10,'2019-01-23 13:14:06','2021-03-24 15:24:34'),(57,'AZT (Zidovudine syrup 10mg / mL from 100ml bottle)','AZT (Zidovudine syrup 10mg / mL from 100ml bottle)',36,'2019-01-23 13:14:06','2019-01-23 13:14:06'),(58,'AZT 100','AZT (Zidovudine 100mg tablet)',37,'2019-01-23 13:14:06','2021-03-24 15:15:59'),(59,'AZT 300','AZT (Zidovudine 300mg tablet)',38,'2019-01-23 13:14:06','2021-03-24 15:16:13'),(60,'TDF 300','TDF (Tenofavir 300 mg tablet)',14,'2019-01-23 13:14:06','2021-03-24 15:36:31'),(61,'ABC 300','ABC (Abacavir 300mg tablet)',40,'2019-01-23 13:14:06','2021-03-24 15:12:07'),(62,'AZT / 3TC / NVP','AZT / 3TC / NVP',614,'2019-01-23 13:14:06','2019-01-23 13:14:06'),(63,'d4T / 3TC / EFV','d 4T / 3TC / EFV (Stavudine Lamvudine Efavirenz)',955,'2019-01-23 13:14:06','2021-03-24 15:28:30'),(64,'LS 30 (Stavudine and Lamivudine 30mg tablet)','LS 30 (Stavudine and Lamivudine 30mg tablet)',70,'2019-01-23 13:14:06','2019-01-23 13:14:06'),(65,'Lamivir baby (Stavudine and Lamivudine 6 / 30mg tabl','Lamivir baby (Stavudine and Lamivudine 6 / 30mg tabl',71,'2019-01-23 13:14:06','2019-01-23 13:14:06'),(66,'Coviro 30','Coviro 30 (Lamivudine  +  Stavudine 150 / 30 mg tablet)',90,'2019-01-23 13:14:06','2021-03-24 15:22:29'),(67,'Coviro 40','Coviro 40 (Lamivudine  +  Stavudine 150 / 40mg tablet)',91,'2019-01-23 13:14:06','2021-03-24 15:22:45'),(68,'d4T 6 / 3TC 30','d 4T / 3TC (Stavudine Lamivudine 6 / 30mg tablet)',737,'2019-01-23 13:14:06','2021-03-24 15:27:08'),(69,'DDI / ABC / LPV / r','DDI / ABC / LPV / r',815,'2019-01-23 13:14:06','2019-01-23 13:14:06'),(70,'AZT / 3TC / TDF / LPV / r','AZT / 3TC / TDF / LPV / r',816,'2019-01-23 13:14:06','2019-01-23 13:14:06'),(71,'TDF 300 / d4T 300','TDF / d 4T (Tenofavir and Stavudine 300 / 300mg tablet',814,'2019-01-23 13:14:06','2021-03-24 15:38:13'),(72,'TDF / 3TC  +  ALT / r','TDF / 3TC  +  ALT / r',933,'2019-01-23 13:14:06','2019-01-23 13:14:06'),(73,'AZT / 3TC  +  ALT / r','AZT / 3TC  +  ALT / r',934,'2019-01-23 13:14:06','2019-01-23 13:14:06'),(74,'ATV','ATV / (Atazanavir)',952,'2019-01-23 13:14:06','2021-03-24 15:14:59'),(75,'RAL 400','RAL (Raltegravir 400mg)',954,'2019-01-23 13:14:06','2021-03-24 15:35:39'),(76,'ETV 100','Etravirine 100mg',978,'2019-01-23 13:14:06','2021-03-24 15:29:14'),(77,'LPV / r Pellets','LPV / r pellets',979,'2019-01-23 13:14:06','2021-03-24 15:31:59'),(78,'TDF 300 / 3TC 300 / DTG 50','TDF 300 / 3TC 300 / DTG 50',983,'2019-01-23 13:14:06','2019-01-23 13:14:06'),(79,'ABC 120 / 3TC 60',NULL,1044,'2021-03-24 15:12:27','2021-03-24 15:12:53'),(80,'RAL 25',NULL,1043,'2021-03-24 15:35:25','2021-03-24 15:35:25'),(81,'LPV / r Granules',NULL,1045,'2021-03-24 15:39:54','2021-03-24 15:39:54');
/*!40000 ALTER TABLE `alternative_drug_names` ENABLE KEYS */;
UNLOCK TABLES;

--
-- Table structure for table `moh_regimen_combination`
--

DROP TABLE IF EXISTS `moh_regimen_combination`;
/*!40101 SET @saved_cs_client     = @@character_set_client */;
/*!50503 SET character_set_client = utf8mb4 */;
CREATE TABLE `moh_regimen_combination` (
  `regimen_combination_id` int(11) NOT NULL AUTO_INCREMENT,
  `regimen_name_id` int(11) NOT NULL,
  `created_at` datetime NOT NULL,
  `updated_at` datetime NOT NULL,
  PRIMARY KEY (`regimen_combination_id`)
) ENGINE=InnoDB AUTO_INCREMENT=73 DEFAULT CHARSET=utf8mb4;
/*!40101 SET character_set_client = @saved_cs_client */;

--
-- Dumping data for table `moh_regimen_combination`
--

LOCK TABLES `moh_regimen_combination` WRITE;
/*!40000 ALTER TABLE `moh_regimen_combination` DISABLE KEYS */;
INSERT INTO `moh_regimen_combination` VALUES (1,1,'2020-07-29 00:00:00','2020-07-29 00:00:00'),(2,1,'2020-07-29 00:00:00','2020-07-29 00:00:00'),(3,1,'2020-07-29 00:00:00','2020-07-29 00:00:00'),(4,1,'2020-07-29 00:00:00','2020-07-29 00:00:00'),(5,1,'2020-07-29 00:00:00','2020-07-29 00:00:00'),(6,10,'2020-07-29 00:00:00','2020-07-29 00:00:00'),(7,27,'2020-07-29 00:00:00','2020-07-29 00:00:00'),(8,26,'2020-07-29 00:00:00','2020-07-29 00:00:00'),(9,2,'2020-07-29 00:00:00','2020-07-29 00:00:00'),(10,2,'2020-07-29 00:00:00','2020-07-29 00:00:00'),(11,2,'2020-07-29 00:00:00','2020-07-29 00:00:00'),(12,2,'2020-07-29 00:00:00','2020-07-29 00:00:00'),(13,11,'2020-07-29 00:00:00','2020-07-29 00:00:00'),(14,11,'2020-07-29 00:00:00','2020-07-29 00:00:00'),(15,28,'2020-07-29 00:00:00','2020-07-29 00:00:00'),(16,3,'2020-07-29 00:00:00','2020-07-29 00:00:00'),(17,3,'2020-07-29 00:00:00','2020-07-29 00:00:00'),(18,3,'2020-07-29 00:00:00','2020-07-29 00:00:00'),(19,12,'2020-07-29 00:00:00','2020-07-29 00:00:00'),(20,13,'2020-07-29 00:00:00','2020-07-29 00:00:00'),(21,14,'2020-07-29 00:00:00','2020-07-29 00:00:00'),(22,15,'2020-07-29 00:00:00','2020-07-29 00:00:00'),(23,16,'2020-07-29 00:00:00','2020-07-29 00:00:00'),(24,4,'2020-07-29 00:00:00','2020-07-29 00:00:00'),(25,4,'2020-07-29 00:00:00','2020-07-29 00:00:00'),(26,4,'2020-07-29 00:00:00','2020-07-29 00:00:00'),(27,4,'2020-07-29 00:00:00','2020-07-29 00:00:00'),(28,4,'2020-07-29 00:00:00','2020-07-29 00:00:00'),(29,4,'2020-07-29 00:00:00','2020-07-29 00:00:00'),(30,4,'2020-07-29 00:00:00','2020-07-29 00:00:00'),(31,4,'2020-07-29 00:00:00','2020-07-29 00:00:00'),(32,17,'2020-07-29 00:00:00','2020-07-29 00:00:00'),(33,18,'2020-07-29 00:00:00','2020-07-29 00:00:00'),(34,5,'2020-07-29 00:00:00','2020-07-29 00:00:00'),(35,5,'2020-07-29 00:00:00','2020-07-29 00:00:00'),(36,5,'2020-07-29 00:00:00','2020-07-29 00:00:00'),(37,5,'2020-07-29 00:00:00','2020-07-29 00:00:00'),(38,19,'2020-07-29 00:00:00','2020-07-29 00:00:00'),(39,20,'2020-07-29 00:00:00','2020-07-29 00:00:00'),(40,21,'2020-07-29 00:00:00','2020-07-29 00:00:00'),(41,21,'2020-07-29 00:00:00','2020-07-29 00:00:00'),(42,21,'2020-07-29 00:00:00','2020-07-29 00:00:00'),(43,22,'2020-07-29 00:00:00','2020-07-29 00:00:00'),(44,6,'2020-07-29 00:00:00','2020-07-29 00:00:00'),(45,23,'2020-07-29 00:00:00','2020-07-29 00:00:00'),(46,7,'2020-07-29 00:00:00','2020-07-29 00:00:00'),(47,7,'2020-07-29 00:00:00','2020-07-29 00:00:00'),(48,7,'2020-07-29 00:00:00','2020-07-29 00:00:00'),(49,7,'2020-07-29 00:00:00','2020-07-29 00:00:00'),(52,24,'2020-07-29 00:00:00','2020-07-29 00:00:00'),(53,8,'2020-07-29 00:00:00','2020-07-29 00:00:00'),(54,8,'2020-07-29 00:00:00','2020-07-29 00:00:00'),(55,8,'2020-07-29 00:00:00','2020-07-29 00:00:00'),(56,25,'2020-07-29 00:00:00','2020-07-29 00:00:00'),(57,9,'2020-07-29 00:00:00','2020-07-29 00:00:00'),(58,9,'2020-07-29 00:00:00','2020-07-29 00:00:00'),(59,9,'2020-07-29 00:00:00','2020-07-29 00:00:00'),(60,9,'2020-07-29 00:00:00','2020-07-29 00:00:00'),(61,9,'2020-07-29 00:00:00','2020-07-29 00:00:00'),(62,9,'2020-07-29 00:00:00','2020-07-29 00:00:00'),(63,9,'2020-07-29 00:00:00','2020-07-29 00:00:00'),(64,9,'2020-07-29 00:00:00','2020-07-29 00:00:00'),(65,9,'2020-07-29 00:00:00','2020-07-29 00:00:00'),(66,29,'2020-07-29 00:00:00','2020-07-29 00:00:00'),(67,4,'2020-07-29 15:00:54','2020-07-29 15:00:54'),(68,4,'2020-07-29 15:00:54','2020-07-29 15:00:54'),(69,4,'2020-07-29 15:00:54','2020-07-29 15:00:54'),(70,5,'2020-07-29 15:02:23','2020-07-29 15:02:23'),(71,7,'2020-09-14 06:21:44','2020-09-14 06:21:44'),(72,7,'2020-09-14 06:21:44','2020-09-14 06:21:44');
/*!40000 ALTER TABLE `moh_regimen_combination` ENABLE KEYS */;
UNLOCK TABLES;

--
-- Table structure for table `moh_regimen_combination_drug`
--

DROP TABLE IF EXISTS `moh_regimen_combination_drug`;
/*!40101 SET @saved_cs_client     = @@character_set_client */;
/*!50503 SET character_set_client = utf8mb4 */;
CREATE TABLE `moh_regimen_combination_drug` (
  `regimen_combination_drug_id` int(11) NOT NULL AUTO_INCREMENT,
  `regimen_combination_id` int(11) NOT NULL,
  `drug_id` int(11) NOT NULL,
  `created_at` datetime NOT NULL,
  `updated_at` datetime NOT NULL,
  PRIMARY KEY (`regimen_combination_drug_id`)
) ENGINE=InnoDB AUTO_INCREMENT=138 DEFAULT CHARSET=utf8mb4;
/*!40101 SET character_set_client = @saved_cs_client */;

--
-- Dumping data for table `moh_regimen_combination_drug`
--

LOCK TABLES `moh_regimen_combination_drug` WRITE;
/*!40000 ALTER TABLE `moh_regimen_combination_drug` DISABLE KEYS */;
INSERT INTO `moh_regimen_combination_drug` VALUES (1,1,733,'2020-07-29 00:00:00','2020-07-29 00:00:00'),(2,1,968,'2020-07-29 00:00:00','2020-07-29 00:00:00'),(3,2,22,'2020-07-29 00:00:00','2020-07-29 00:00:00'),(4,2,733,'2020-07-29 00:00:00','2020-07-29 00:00:00'),(5,3,969,'2020-07-29 00:00:00','2020-07-29 00:00:00'),(6,3,968,'2020-07-29 00:00:00','2020-07-29 00:00:00'),(7,4,968,'2020-07-29 00:00:00','2020-07-29 00:00:00'),(8,4,1044,'2020-07-29 00:00:00','2020-07-29 00:00:00'),(9,5,22,'2020-07-29 00:00:00','2020-07-29 00:00:00'),(10,5,1044,'2020-07-29 00:00:00','2020-07-29 00:00:00'),(11,6,22,'2020-07-29 00:00:00','2020-07-29 00:00:00'),(12,6,969,'2020-07-29 00:00:00','2020-07-29 00:00:00'),(13,7,613,'2020-07-29 00:00:00','2020-07-29 00:00:00'),(14,8,72,'2020-07-29 00:00:00','2020-07-29 00:00:00'),(15,9,732,'2020-07-29 00:00:00','2020-07-29 00:00:00'),(16,10,732,'2020-07-29 00:00:00','2020-07-29 00:00:00'),(17,10,736,'2020-07-29 00:00:00','2020-07-29 00:00:00'),(18,11,732,'2020-07-29 00:00:00','2020-07-29 00:00:00'),(19,11,39,'2020-07-29 00:00:00','2020-07-29 00:00:00'),(20,12,731,'2020-07-29 00:00:00','2020-07-29 00:00:00'),(21,12,736,'2020-07-29 00:00:00','2020-07-29 00:00:00'),(22,13,731,'2020-07-29 00:00:00','2020-07-29 00:00:00'),(23,14,731,'2020-07-29 00:00:00','2020-07-29 00:00:00'),(24,14,39,'2020-07-29 00:00:00','2020-07-29 00:00:00'),(25,15,955,'2020-07-29 00:00:00','2020-07-29 00:00:00'),(26,16,30,'2020-07-29 00:00:00','2020-07-29 00:00:00'),(27,16,736,'2020-07-29 00:00:00','2020-07-29 00:00:00'),(28,17,11,'2020-07-29 00:00:00','2020-07-29 00:00:00'),(29,17,736,'2020-07-29 00:00:00','2020-07-29 00:00:00'),(30,18,30,'2020-07-29 00:00:00','2020-07-29 00:00:00'),(31,18,39,'2020-07-29 00:00:00','2020-07-29 00:00:00'),(32,19,11,'2020-07-29 00:00:00','2020-07-29 00:00:00'),(33,19,39,'2020-07-29 00:00:00','2020-07-29 00:00:00'),(34,20,735,'2020-07-29 00:00:00','2020-07-29 00:00:00'),(35,21,22,'2020-07-29 00:00:00','2020-07-29 00:00:00'),(36,21,734,'2020-07-29 00:00:00','2020-07-29 00:00:00'),(37,22,932,'2020-07-29 00:00:00','2020-07-29 00:00:00'),(38,22,734,'2020-07-29 00:00:00','2020-07-29 00:00:00'),(39,23,932,'2020-07-29 00:00:00','2020-07-29 00:00:00'),(40,23,39,'2020-07-29 00:00:00','2020-07-29 00:00:00'),(41,24,74,'2020-07-29 00:00:00','2020-07-29 00:00:00'),(42,24,733,'2020-07-29 00:00:00','2020-07-29 00:00:00'),(43,25,73,'2020-07-29 00:00:00','2020-07-29 00:00:00'),(44,25,733,'2020-07-29 00:00:00','2020-07-29 00:00:00'),(45,26,733,'2020-07-29 00:00:00','2020-07-29 00:00:00'),(46,26,979,'2020-07-29 00:00:00','2020-07-29 00:00:00'),(47,27,74,'2020-07-29 00:00:00','2020-07-29 00:00:00'),(48,27,969,'2020-07-29 00:00:00','2020-07-29 00:00:00'),(49,28,969,'2020-07-29 00:00:00','2020-07-29 00:00:00'),(50,28,979,'2020-07-29 00:00:00','2020-07-29 00:00:00'),(51,29,74,'2020-07-29 00:00:00','2020-07-29 00:00:00'),(52,29,1044,'2020-07-29 00:00:00','2020-07-29 00:00:00'),(53,30,73,'2020-07-29 00:00:00','2020-07-29 00:00:00'),(54,30,1044,'2020-07-29 00:00:00','2020-07-29 00:00:00'),(55,31,979,'2020-07-29 00:00:00','2020-07-29 00:00:00'),(56,31,1044,'2020-07-29 00:00:00','2020-07-29 00:00:00'),(57,32,73,'2020-07-29 00:00:00','2020-07-29 00:00:00'),(58,32,969,'2020-07-29 00:00:00','2020-07-29 00:00:00'),(59,33,73,'2020-07-29 00:00:00','2020-07-29 00:00:00'),(60,33,734,'2020-07-29 00:00:00','2020-07-29 00:00:00'),(61,34,74,'2020-07-29 00:00:00','2020-07-29 00:00:00'),(62,34,736,'2020-07-29 00:00:00','2020-07-29 00:00:00'),(63,35,73,'2020-07-29 00:00:00','2020-07-29 00:00:00'),(64,35,736,'2020-07-29 00:00:00','2020-07-29 00:00:00'),(65,36,39,'2020-07-29 00:00:00','2020-07-29 00:00:00'),(66,36,74,'2020-07-29 00:00:00','2020-07-29 00:00:00'),(67,37,736,'2020-07-29 00:00:00','2020-07-29 00:00:00'),(68,37,979,'2020-07-29 00:00:00','2020-07-29 00:00:00'),(69,38,39,'2020-07-29 00:00:00','2020-07-29 00:00:00'),(70,38,73,'2020-07-29 00:00:00','2020-07-29 00:00:00'),(71,39,976,'2020-07-29 00:00:00','2020-07-29 00:00:00'),(72,39,977,'2020-07-29 00:00:00','2020-07-29 00:00:00'),(73,39,982,'2020-07-29 00:00:00','2020-07-29 00:00:00'),(74,40,983,'2020-07-29 00:00:00','2020-07-29 00:00:00'),(75,41,734,'2020-07-29 00:00:00','2020-07-29 00:00:00'),(76,41,982,'2020-07-29 00:00:00','2020-07-29 00:00:00'),(77,42,982,'2020-07-29 00:00:00','2020-07-29 00:00:00'),(78,42,983,'2020-07-29 00:00:00','2020-07-29 00:00:00'),(79,43,982,'2020-07-29 00:00:00','2020-07-29 00:00:00'),(80,43,984,'2020-07-29 00:00:00','2020-07-29 00:00:00'),(81,44,736,'2020-07-29 00:00:00','2020-07-29 00:00:00'),(82,44,969,'2020-07-29 00:00:00','2020-07-29 00:00:00'),(83,45,982,'2020-07-29 00:00:00','2020-07-29 00:00:00'),(84,45,969,'2020-07-29 00:00:00','2020-07-29 00:00:00'),(85,46,982,'2020-07-29 00:00:00','2020-07-29 00:00:00'),(86,46,1044,'2020-07-29 00:00:00','2020-07-29 00:00:00'),(87,47,981,'2020-07-29 00:00:00','2020-07-29 00:00:00'),(88,47,1044,'2020-07-29 00:00:00','2020-07-29 00:00:00'),(89,48,980,'2020-07-29 00:00:00','2020-07-29 00:00:00'),(90,48,1044,'2020-07-29 00:00:00','2020-07-29 00:00:00'),(91,49,982,'2020-07-29 00:00:00','2020-07-29 00:00:00'),(92,49,733,'2020-07-29 00:00:00','2020-07-29 00:00:00'),(93,50,981,'2020-07-29 00:00:00','2020-07-29 00:00:00'),(94,50,981,'2020-07-29 00:00:00','2020-07-29 00:00:00'),(95,51,980,'2020-07-29 00:00:00','2020-07-29 00:00:00'),(96,51,980,'2020-07-29 00:00:00','2020-07-29 00:00:00'),(97,52,954,'2020-07-29 00:00:00','2020-07-29 00:00:00'),(98,52,969,'2020-07-29 00:00:00','2020-07-29 00:00:00'),(99,53,1043,'2020-07-29 00:00:00','2020-07-29 00:00:00'),(100,53,1044,'2020-07-29 00:00:00','2020-07-29 00:00:00'),(101,54,954,'2020-07-29 00:00:00','2020-07-29 00:00:00'),(102,54,1044,'2020-07-29 00:00:00','2020-07-29 00:00:00'),(103,55,954,'2020-07-29 00:00:00','2020-07-29 00:00:00'),(104,55,733,'2020-07-29 00:00:00','2020-07-29 00:00:00'),(105,56,11,'2020-07-29 00:00:00','2020-07-29 00:00:00'),(106,56,969,'2020-07-29 00:00:00','2020-07-29 00:00:00'),(107,57,30,'2020-07-29 00:00:00','2020-07-29 00:00:00'),(108,57,1044,'2020-07-29 00:00:00','2020-07-29 00:00:00'),(109,58,30,'2020-07-29 00:00:00','2020-07-29 00:00:00'),(110,58,733,'2020-07-29 00:00:00','2020-07-29 00:00:00'),(111,59,733,'2020-07-29 00:00:00','2020-07-29 00:00:00'),(112,59,954,'2020-07-29 00:00:00','2020-07-29 00:00:00'),(113,60,29,'2020-07-29 00:00:00','2020-07-29 00:00:00'),(114,60,733,'2020-07-29 00:00:00','2020-07-29 00:00:00'),(115,61,28,'2020-07-29 00:00:00','2020-07-29 00:00:00'),(116,61,733,'2020-07-29 00:00:00','2020-07-29 00:00:00'),(117,62,11,'2020-07-29 00:00:00','2020-07-29 00:00:00'),(118,62,733,'2020-07-29 00:00:00','2020-07-29 00:00:00'),(119,63,29,'2020-07-29 00:00:00','2020-07-29 00:00:00'),(120,63,1044,'2020-07-29 00:00:00','2020-07-29 00:00:00'),(121,64,24,'2020-07-29 00:00:00','2020-07-29 00:00:00'),(122,64,1044,'2020-07-29 00:00:00','2020-07-29 00:00:00'),(123,65,11,'2020-07-29 00:00:00','2020-07-29 00:00:00'),(124,65,1044,'2020-07-29 00:00:00','2020-07-29 00:00:00'),(125,66,1046,'2020-07-29 00:00:00','2020-07-29 00:00:00'),(126,67,733,'2020-07-29 15:00:54','2020-07-29 15:00:54'),(127,67,1045,'2020-07-29 15:00:54','2020-07-29 15:00:54'),(128,68,969,'2020-07-29 15:00:54','2020-07-29 15:00:54'),(129,68,1045,'2020-07-29 15:00:54','2020-07-29 15:00:54'),(130,69,1044,'2020-07-29 15:00:54','2020-07-29 15:00:54'),(131,69,1045,'2020-07-29 15:00:54','2020-07-29 15:00:54'),(132,70,736,'2020-07-29 15:02:23','2020-07-29 15:02:23'),(133,70,1045,'2020-07-29 15:02:23','2020-07-29 15:02:23'),(134,71,733,'2020-09-14 06:21:44','2020-09-14 06:21:44'),(135,71,980,'2020-09-14 06:21:44','2020-09-14 06:21:44'),(136,72,733,'2020-09-14 06:21:44','2020-09-14 06:21:44'),(137,72,981,'2020-09-14 06:21:44','2020-09-14 06:21:44');
/*!40000 ALTER TABLE `moh_regimen_combination_drug` ENABLE KEYS */;
UNLOCK TABLES;

--
-- Table structure for table `moh_regimen_name`
--

DROP TABLE IF EXISTS `moh_regimen_name`;
/*!40101 SET @saved_cs_client     = @@character_set_client */;
/*!50503 SET character_set_client = utf8mb4 */;
CREATE TABLE `moh_regimen_name` (
  `regimen_name_id` int(11) NOT NULL AUTO_INCREMENT,
  `name` varchar(255) NOT NULL,
  `created_at` datetime NOT NULL,
  `updated_at` datetime NOT NULL,
  PRIMARY KEY (`regimen_name_id`)
) ENGINE=InnoDB AUTO_INCREMENT=30 DEFAULT CHARSET=utf8mb4;
/*!40101 SET character_set_client = @saved_cs_client */;

--
-- Dumping data for table `moh_regimen_name`
--

LOCK TABLES `moh_regimen_name` WRITE;
/*!40000 ALTER TABLE `moh_regimen_name` DISABLE KEYS */;
INSERT INTO `moh_regimen_name` VALUES (1,'0P','2020-07-29 00:00:00','2020-07-29 00:00:00'),(2,'2P','2020-07-29 00:00:00','2020-07-29 00:00:00'),(3,'4P','2020-07-29 00:00:00','2020-07-29 00:00:00'),(4,'9P','2020-07-29 00:00:00','2020-07-29 00:00:00'),(5,'11P','2020-07-29 00:00:00','2020-07-29 00:00:00'),(6,'14P','2020-07-29 00:00:00','2020-07-29 00:00:00'),(7,'15P','2020-07-29 00:00:00','2020-07-29 00:00:00'),(8,'16P','2020-07-29 00:00:00','2020-07-29 00:00:00'),(9,'17P','2020-07-29 00:00:00','2020-07-29 00:00:00'),(10,'0A','2020-07-29 00:00:00','2020-07-29 00:00:00'),(11,'2A','2020-07-29 00:00:00','2020-07-29 00:00:00'),(12,'4A','2020-07-29 00:00:00','2020-07-29 00:00:00'),(13,'5A','2020-07-29 00:00:00','2020-07-29 00:00:00'),(14,'6A','2020-07-29 00:00:00','2020-07-29 00:00:00'),(15,'7A','2020-07-29 00:00:00','2020-07-29 00:00:00'),(16,'8A','2020-07-29 00:00:00','2020-07-29 00:00:00'),(17,'9A','2020-07-29 00:00:00','2020-07-29 00:00:00'),(18,'10A','2020-07-29 00:00:00','2020-07-29 00:00:00'),(19,'11A','2020-07-29 00:00:00','2020-07-29 00:00:00'),(20,'12A','2020-07-29 00:00:00','2020-07-29 00:00:00'),(21,'13A','2020-07-29 00:00:00','2020-07-29 00:00:00'),(22,'14A','2020-07-29 00:00:00','2020-07-29 00:00:00'),(23,'15A','2020-07-29 00:00:00','2020-07-29 00:00:00'),(24,'16A','2020-07-29 00:00:00','2020-07-29 00:00:00'),(25,'17A','2020-07-29 00:00:00','2020-07-29 00:00:00'),(26,'1P','2020-07-29 00:00:00','2020-07-29 00:00:00'),(27,'1A','2020-07-29 00:00:00','2020-07-29 00:00:00'),(28,'3P','2020-07-29 00:00:00','2020-07-29 00:00:00'),(29,'Other','2020-07-29 00:00:00','2020-07-29 00:00:00');
/*!40000 ALTER TABLE `moh_regimen_name` ENABLE KEYS */;
UNLOCK TABLES;
/*!40103 SET TIME_ZONE=@OLD_TIME_ZONE */;

/*!40101 SET SQL_MODE=@OLD_SQL_MODE */;
/*!40014 SET FOREIGN_KEY_CHECKS=@OLD_FOREIGN_KEY_CHECKS */;
/*!40014 SET UNIQUE_CHECKS=@OLD_UNIQUE_CHECKS */;
/*!40101 SET CHARACTER_SET_CLIENT=@OLD_CHARACTER_SET_CLIENT */;
/*!40101 SET CHARACTER_SET_RESULTS=@OLD_CHARACTER_SET_RESULTS */;
/*!40101 SET COLLATION_CONNECTION=@OLD_COLLATION_CONNECTION */;
/*!40111 SET SQL_NOTES=@OLD_SQL_NOTES */;

-- Dump completed on 2021-03-24 17:56:17
