-- MySQL dump 10.13  Distrib 8.0.39, for Linux (x86_64)
--
-- Host: 127.0.0.1    Database: openmrs
-- ------------------------------------------------------
-- Server version	8.4.2

/*!40101 SET @OLD_CHARACTER_SET_CLIENT=@@CHARACTER_SET_CLIENT */;
/*!40101 SET @OLD_CHARACTER_SET_RESULTS=@@CHARACTER_SET_RESULTS */;
/*!40101 SET @OLD_COLLATION_CONNECTION=@@COLLATION_CONNECTION */;
/*!50503 SET NAMES utf8mb4 */;
/*!40103 SET @OLD_TIME_ZONE=@@TIME_ZONE */;
/*!40103 SET TIME_ZONE='+00:00' */;
/*!40014 SET @OLD_UNIQUE_CHECKS=@@UNIQUE_CHECKS, UNIQUE_CHECKS=0 */;
/*!40014 SET @OLD_FOREIGN_KEY_CHECKS=@@FOREIGN_KEY_CHECKS, FOREIGN_KEY_CHECKS=0 */;
/*!40101 SET @OLD_SQL_MODE=@@SQL_MODE, SQL_MODE='NO_AUTO_VALUE_ON_ZERO' */;
/*!40111 SET @OLD_SQL_NOTES=@@SQL_NOTES, SQL_NOTES=0 */;

--
-- Table structure for table `moh_regimens`
--

DROP TABLE IF EXISTS `moh_regimens`;
/*!40101 SET @saved_cs_client     = @@character_set_client */;
/*!50503 SET character_set_client = utf8mb4 */;
CREATE TABLE `moh_regimens` (
  `regimen_id` int NOT NULL AUTO_INCREMENT,
  `regimen_index` int NOT NULL,
  `description` text,
  `date_created` datetime DEFAULT NULL,
  `date_updated` datetime DEFAULT NULL,
  `creator` int NOT NULL,
  `voided` tinyint(1) NOT NULL DEFAULT '0',
  `voided_by` int DEFAULT NULL,
  PRIMARY KEY (`regimen_id`)
) ENGINE=InnoDB AUTO_INCREMENT=21 DEFAULT CHARSET=latin1;
/*!40101 SET character_set_client = @saved_cs_client */;

--
-- Dumping data for table `moh_regimens`
--

LOCK TABLES `moh_regimens` WRITE;
/*!40000 ALTER TABLE `moh_regimens` DISABLE KEYS */;
INSERT INTO `moh_regimens` VALUES (1,0,NULL,'2016-09-19 16:00:00','2016-09-19 16:00:00',1,0,NULL),(2,2,NULL,'2016-09-19 16:00:00','2016-09-19 16:00:00',1,0,NULL),(3,4,NULL,'2016-09-19 16:00:00','2016-09-19 16:00:00',1,0,NULL),(4,5,NULL,'2016-09-19 16:00:00','2016-09-19 16:00:00',1,0,NULL),(5,6,NULL,'2016-09-19 16:00:00','2016-09-19 16:00:00',1,0,NULL),(6,7,NULL,'2016-09-19 16:00:00','2016-09-19 16:00:00',1,0,NULL),(7,8,NULL,'2016-09-19 16:00:00','2016-09-19 16:00:00',1,0,NULL),(8,9,NULL,'2016-09-19 16:00:00','2016-09-19 16:00:00',1,0,NULL),(9,10,NULL,'2016-09-19 16:00:00','2016-09-19 16:00:00',1,0,NULL),(10,11,NULL,'2016-09-19 16:00:00','2016-09-19 16:00:00',1,0,NULL),(11,12,NULL,'2016-09-19 16:00:00','2016-09-19 16:00:00',1,0,NULL),(12,13,NULL,'2016-09-19 16:00:00','2016-09-19 16:00:00',1,0,NULL),(13,14,NULL,'2016-09-19 16:00:00','2016-09-19 16:00:00',1,0,NULL),(14,15,NULL,'2016-09-19 16:00:00','2016-09-19 16:00:00',1,0,NULL),(15,16,NULL,'2019-12-12 14:00:00','2019-12-12 14:00:00',1,0,NULL),(16,17,NULL,'2019-12-12 14:00:00','2019-12-12 14:00:00',1,0,NULL),(17,1,NULL,NULL,NULL,1,0,NULL),(18,0,NULL,NULL,NULL,1,0,NULL),(19,0,NULL,NULL,NULL,1,0,NULL),(20,0,NULL,NULL,NULL,1,0,NULL);
/*!40000 ALTER TABLE `moh_regimens` ENABLE KEYS */;
UNLOCK TABLES;

--
-- Table structure for table `moh_regimen_doses`
--

DROP TABLE IF EXISTS `moh_regimen_doses`;
/*!40101 SET @saved_cs_client     = @@character_set_client */;
/*!50503 SET character_set_client = utf8mb4 */;
CREATE TABLE `moh_regimen_doses` (
  `dose_id` int NOT NULL AUTO_INCREMENT,
  `am` float DEFAULT NULL,
  `pm` float DEFAULT NULL,
  `date_created` datetime DEFAULT NULL,
  `date_updated` datetime DEFAULT NULL,
  `creator` int DEFAULT NULL,
  `voided` tinyint(1) NOT NULL DEFAULT '0',
  `voided_by` int DEFAULT NULL,
  PRIMARY KEY (`dose_id`)
) ENGINE=InnoDB AUTO_INCREMENT=25 DEFAULT CHARSET=latin1;
/*!40101 SET character_set_client = @saved_cs_client */;

--
-- Dumping data for table `moh_regimen_doses`
--

LOCK TABLES `moh_regimen_doses` WRITE;
/*!40000 ALTER TABLE `moh_regimen_doses` DISABLE KEYS */;
INSERT INTO `moh_regimen_doses` VALUES (1,1,1,'2016-09-19 16:00:00','2016-09-19 16:00:00',1,0,NULL),(2,1.5,1.5,'2016-09-19 16:00:00','2016-09-19 16:00:00',1,0,NULL),(3,2,2,'2016-09-19 16:00:00','2016-09-19 16:00:00',1,0,NULL),(4,2.5,2.5,'2016-09-19 16:00:00','2016-09-19 16:00:00',1,0,NULL),(5,3,3,'2016-09-19 16:00:00','2016-09-19 16:00:00',1,0,NULL),(6,0,1,'2016-09-19 16:00:00','2016-09-19 16:00:00',1,0,NULL),(7,0,1.5,'2016-09-19 16:00:00','2016-09-19 16:00:00',1,0,NULL),(8,0,2,'2016-09-19 16:00:00','2016-09-19 16:00:00',1,0,NULL),(9,0,0.5,'2016-09-19 16:00:00','2016-09-19 16:00:00',1,0,NULL),(10,2,1,'2016-09-19 16:00:00','2016-09-19 16:00:00',1,0,NULL),(11,0,2.5,'2016-09-19 16:00:00','2016-09-19 16:00:00',1,0,NULL),(12,0,3,'2016-09-19 16:00:00','2016-09-19 16:00:00',1,0,NULL),(13,1,0,'2016-09-19 16:00:00','2016-09-19 16:00:00',1,0,NULL),(14,1.5,0,'2016-09-19 16:00:00','2016-09-19 16:00:00',1,0,NULL),(15,2,0,'2016-09-19 16:00:00','2016-09-19 16:00:00',1,0,NULL),(16,2.5,0,'2016-09-19 16:00:00','2016-09-19 16:00:00',1,0,NULL),(17,3,0,'2016-09-19 16:00:00','2016-09-19 16:00:00',1,0,NULL),(18,4,4,'2016-09-19 16:00:00','2016-09-19 16:00:00',1,0,NULL),(19,6,6,'2019-12-12 14:00:00','2019-12-12 14:00:00',1,0,NULL),(20,5,5,'2020-06-29 15:17:11','2020-06-29 15:17:11',1,0,NULL),(21,0,4,'2020-07-26 15:13:01','2020-07-26 15:13:01',1,0,NULL),(22,0,5,'2020-07-26 15:13:01','2020-07-26 15:13:01',1,0,NULL),(23,0,6,'2020-07-26 15:13:01','2020-07-26 15:13:01',1,0,NULL),(24,0.5,0,'2021-06-23 06:13:21','2021-06-23 06:13:21',1,0,NULL);
/*!40000 ALTER TABLE `moh_regimen_doses` ENABLE KEYS */;
UNLOCK TABLES;

--
-- Table structure for table `moh_regimen_ingredient`
--

DROP TABLE IF EXISTS `moh_regimen_ingredient`;
/*!40101 SET @saved_cs_client     = @@character_set_client */;
/*!50503 SET character_set_client = utf8mb4 */;
CREATE TABLE `moh_regimen_ingredient` (
  `ingredient_id` int NOT NULL AUTO_INCREMENT,
  `regimen_id` int DEFAULT NULL,
  `drug_inventory_id` int DEFAULT NULL,
  `dose_id` int DEFAULT NULL,
  `min_weight` float DEFAULT NULL,
  `max_weight` float DEFAULT NULL,
  `date_created` datetime DEFAULT NULL,
  `date_updated` datetime DEFAULT NULL,
  `creator` int DEFAULT NULL,
  `voided` tinyint(1) NOT NULL DEFAULT '0',
  `voided_by` int DEFAULT NULL,
  `min_age` int DEFAULT NULL,
  `max_age` int DEFAULT NULL,
  `gender` varchar(255) DEFAULT 'MF',
  `course` varchar(255) DEFAULT NULL,
  `ingredient_active` tinyint(1) NOT NULL DEFAULT '0',
  PRIMARY KEY (`ingredient_id`)
) ENGINE=InnoDB AUTO_INCREMENT=532 DEFAULT CHARSET=latin1;
/*!40101 SET character_set_client = @saved_cs_client */;

--
-- Dumping data for table `moh_regimen_ingredient`
--

LOCK TABLES `moh_regimen_ingredient` WRITE;
/*!40000 ALTER TABLE `moh_regimen_ingredient` DISABLE KEYS */;
INSERT INTO `moh_regimen_ingredient` VALUES (1,1,1044,13,3,5.9,'2016-09-19 16:00:00','2016-09-19 16:00:00',1,0,NULL,0,120,'MF',NULL,0),(2,1,968,1,3,5.9,'2016-09-19 16:00:00','2016-09-19 16:00:00',1,0,NULL,0,120,'MF',NULL,0),(3,1,1044,14,6,9.9,'2016-09-19 16:00:00','2016-09-19 16:00:00',1,0,NULL,0,120,'MF',NULL,0),(4,1,968,2,6,9.9,'2016-09-19 16:00:00','2016-09-19 16:00:00',1,0,NULL,0,120,'MF',NULL,0),(5,1,1044,15,10,13.9,'2016-09-19 16:00:00','2016-09-19 16:00:00',1,0,NULL,0,120,'MF',NULL,0),(6,1,968,3,10,13.9,'2016-09-19 16:00:00','2016-09-19 16:00:00',1,0,NULL,0,120,'MF',NULL,0),(7,1,1044,16,14,19.9,'2016-09-19 16:00:00','2016-09-19 16:00:00',1,0,NULL,0,120,'MF',NULL,0),(8,1,968,4,14,19.9,'2016-09-19 16:00:00','2016-09-19 16:00:00',1,0,NULL,0,120,'MF',NULL,0),(9,1,1044,17,20,24.9,'2016-09-19 16:00:00','2016-09-19 16:00:00',1,0,NULL,0,120,'MF',NULL,0),(10,1,968,5,20,24.9,'2016-09-19 16:00:00','2016-09-19 16:00:00',1,0,NULL,0,120,'MF',NULL,0),(11,1,969,6,25,300,'2016-09-19 16:00:00','2016-09-19 16:00:00',1,0,NULL,0,120,'MF',NULL,0),(12,1,22,1,25,300,'2016-09-19 16:00:00','2016-09-19 16:00:00',1,0,NULL,0,120,'MF',NULL,0),(13,2,732,1,3,5.9,'2016-09-19 16:00:00','2016-09-19 16:00:00',1,0,NULL,0,120,'MF',NULL,0),(14,2,732,2,6,9.9,'2016-09-19 16:00:00','2016-09-19 16:00:00',1,0,NULL,0,120,'MF',NULL,0),(15,2,732,3,10,13.9,'2016-09-19 16:00:00','2016-09-19 16:00:00',1,0,NULL,0,120,'MF',NULL,0),(16,2,732,4,14,19.9,'2016-09-19 16:00:00','2016-09-19 16:00:00',1,0,NULL,0,120,'MF',NULL,0),(17,2,732,5,20,24.9,'2016-09-19 16:00:00','2016-09-19 16:00:00',1,0,NULL,0,120,'MF',NULL,0),(18,2,731,1,25,300,'2016-09-19 16:00:00','2016-09-19 16:00:00',1,0,NULL,0,120,'MF',NULL,0),(19,3,736,1,3,3.9,'2016-09-19 16:00:00','2016-09-19 16:00:00',1,0,NULL,0,120,'MF',NULL,1),(20,3,30,6,10,13.9,'2016-09-19 16:00:00','2016-09-19 16:00:00',1,1,1,0,120,'MF',NULL,1),(22,3,736,2,6,9.9,'2016-09-19 16:00:00','2016-09-19 16:00:00',1,0,NULL,0,120,'MF',NULL,1),(23,3,736,3,10,13.9,'2016-09-19 16:00:00','2016-09-19 16:00:00',1,0,NULL,0,120,'MF',NULL,1),(24,3,736,4,14,19.9,'2016-09-19 16:00:00','2016-09-19 16:00:00',1,0,NULL,0,120,'MF',NULL,1),(25,3,736,5,20,24.9,'2016-09-19 16:00:00','2016-09-19 16:00:00',1,0,NULL,0,120,'MF',NULL,1),(26,3,30,7,14,24.9,'2016-09-19 16:00:00','2016-09-19 16:00:00',1,1,1,0,120,'MF',NULL,1),(27,3,30,8,25,34.9,'2016-09-19 16:00:00','2016-09-19 16:00:00',1,1,1,0,120,'MF',NULL,1),(28,3,11,6,35,300,'2016-09-19 16:00:00','2016-09-19 16:00:00',1,0,NULL,0,120,'MF',NULL,0),(30,4,735,6,35,300,'2016-09-19 16:00:00','2016-09-19 16:00:00',1,0,NULL,0,120,'MF',NULL,0),(31,5,734,6,35,300,'2016-09-19 16:00:00','2016-09-19 16:00:00',1,0,NULL,0,120,'MF',NULL,0),(32,5,22,1,25,300,'2016-09-19 16:00:00','2016-09-19 16:00:00',1,0,NULL,0,120,'MF',NULL,0),(33,6,734,6,35,300,'2016-09-19 16:00:00','2016-09-19 16:00:00',1,1,1,0,120,'MF',NULL,1),(34,6,932,6,35,300,'2016-09-19 16:00:00','2016-09-19 16:00:00',1,1,1,0,120,'MF',NULL,1),(35,7,39,1,25,300,'2016-09-19 16:00:00','2016-09-19 16:00:00',1,0,NULL,0,120,'MF',NULL,0),(36,7,932,6,35,300,'2016-09-19 16:00:00','2016-09-19 16:00:00',1,1,1,0,120,'MF',NULL,1),(37,8,1044,13,3,5.9,'2016-09-19 16:00:00','2016-09-19 16:00:00',1,1,1,0,120,'MF',NULL,1),(38,8,1044,14,6,9.9,'2016-09-19 16:00:00','2016-09-19 16:00:00',1,1,1,0,120,'MF',NULL,1),(39,8,1044,15,10,13.9,'2016-09-19 16:00:00','2016-09-19 16:00:00',1,1,1,0,120,'MF',NULL,1),(40,8,1044,16,14,19.9,'2016-09-19 16:00:00','2016-09-19 16:00:00',1,1,1,0,120,'MF',NULL,1),(41,8,1044,17,20,24.9,'2016-09-19 16:00:00','2016-09-19 16:00:00',1,1,1,0,120,'MF',NULL,1),(43,8,979,3,3,3.9,'2016-09-19 16:00:00','2016-09-19 16:00:00',1,0,NULL,0,120,'MF',NULL,0),(44,8,979,3,4,5.9,'2016-09-19 16:00:00','2016-09-19 16:00:00',1,0,NULL,0,120,'MF',NULL,0),(45,8,74,10,6,13.9,'2016-09-19 16:00:00','2016-09-19 16:00:00',1,1,1,0,120,'MF',NULL,1),(46,8,74,3,14,24.9,'2016-09-19 16:00:00','2016-09-19 16:00:00',1,1,1,0,120,'MF',NULL,1),(47,8,74,5,25,34.9,'2016-09-19 16:00:00','2016-09-19 16:00:00',1,1,1,0,120,'MF',NULL,1),(48,8,73,3,35,300,'2016-09-19 16:00:00','2016-09-19 16:00:00',1,1,1,0,120,'MF',NULL,1),(49,9,734,6,35,300,'2016-09-19 16:00:00','2016-09-19 16:00:00',1,1,1,0,120,'MF',NULL,1),(50,9,73,3,35,300,'2016-09-19 16:00:00','2016-09-19 16:00:00',1,1,1,0,120,'MF',NULL,1),(51,10,736,1,3,3.9,'2016-09-19 16:00:00','2016-09-19 16:00:00',1,0,NULL,0,120,'MF',NULL,1),(52,10,736,2,6,9.9,'2016-09-19 16:00:00','2016-09-19 16:00:00',1,0,NULL,0,120,'MF',NULL,1),(53,10,736,3,10,13.9,'2016-09-19 16:00:00','2016-09-19 16:00:00',1,0,NULL,0,120,'MF',NULL,1),(54,10,736,4,14,19.9,'2016-09-19 16:00:00','2016-09-19 16:00:00',1,0,NULL,0,120,'MF',NULL,1),(55,10,736,5,20,24.9,'2016-09-19 16:00:00','2016-09-19 16:00:00',1,0,NULL,0,120,'MF',NULL,1),(56,10,979,3,3,3.9,'2016-09-19 16:00:00','2016-09-19 16:00:00',1,0,NULL,0,120,'MF',NULL,0),(57,10,979,3,4,5.9,'2016-09-19 16:00:00','2016-09-19 16:00:00',1,0,NULL,0,120,'MF',NULL,0),(58,10,74,10,6,13.9,'2016-09-19 16:00:00','2016-09-19 16:00:00',1,1,1,0,120,'MF',NULL,1),(59,10,74,3,14,24.9,'2016-09-19 16:00:00','2016-09-19 16:00:00',1,1,1,0,120,'MF',NULL,1),(60,10,74,5,25,34.9,'2016-09-19 16:00:00','2016-09-19 16:00:00',1,1,1,0,120,'MF',NULL,1),(61,10,39,1,3,3.9,'2016-09-19 16:00:00','2016-09-19 16:00:00',1,1,1,0,120,'MF',NULL,1),(62,10,73,3,35,300,'2016-09-19 16:00:00','2016-09-19 16:00:00',1,1,1,0,120,'MF',NULL,1),(63,11,976,1,35,300,'2016-09-19 16:00:00','2016-09-19 16:00:00',1,1,1,0,120,'MF',NULL,1),(64,11,977,1,35,300,'2016-09-19 16:00:00','2016-09-19 16:00:00',1,1,1,0,120,'MF',NULL,1),(67,12,983,13,30,300,'2018-10-19 10:36:10','2018-10-19 10:36:10',1,1,1,0,120,'M',NULL,1),(68,13,982,13,20,300,'2018-10-19 10:36:10','2018-10-19 10:36:10',1,1,1,0,120,'M',NULL,1),(69,14,982,13,20,300,'2018-10-19 10:36:10','2018-10-19 10:36:10',1,1,1,0,120,'M',NULL,1),(71,14,969,13,25,300,'2018-10-19 10:36:10','2018-10-19 10:36:10',1,1,1,0,120,'M',NULL,1),(77,12,983,13,30,300,'2018-11-02 14:22:11','2018-11-02 14:22:11',1,1,1,45,120,'F',NULL,1),(78,13,982,13,20,300,'2018-11-02 14:22:12','2018-11-02 14:22:12',1,1,1,45,120,'F',NULL,1),(79,14,982,13,20,300,'2018-11-02 14:22:12','2018-11-02 14:22:12',1,1,1,45,120,'F',NULL,1),(81,14,969,13,25,300,'2018-11-02 14:22:12','2018-11-02 14:22:12',1,1,1,45,120,'F',NULL,1),(82,NULL,963,6,3,5.9,'2019-12-12 13:54:51','2019-12-12 13:54:51',1,1,1,NULL,NULL,'MF',NULL,0),(83,NULL,963,1,6,13.9,'2019-12-12 13:54:51','2019-12-12 13:54:51',1,1,1,NULL,NULL,'MF',NULL,0),(84,NULL,963,3,14,24.9,'2019-12-12 13:54:51','2019-12-12 13:54:51',1,1,1,NULL,NULL,'MF',NULL,0),(85,NULL,297,9,6,13.9,'2019-12-12 13:54:51','2019-12-12 13:54:51',1,1,1,NULL,NULL,'MF',NULL,0),(86,NULL,297,6,14,24.9,'2019-12-12 13:54:51','2019-12-12 13:54:51',1,1,1,NULL,NULL,'MF',NULL,0),(87,NULL,297,8,25,200,'2019-12-12 13:54:51','2019-12-12 13:54:51',1,1,1,NULL,NULL,'MF',NULL,0),(88,NULL,576,9,14,24.9,'2019-12-12 13:54:51','2019-12-12 13:54:51',1,1,1,NULL,NULL,'MF',NULL,0),(89,NULL,576,6,25,200,'2019-12-12 13:54:51','2019-12-12 13:54:51',1,1,1,NULL,NULL,'MF',NULL,0),(90,NULL,24,9,3,5.9,'2019-12-12 13:54:51','2019-12-12 13:54:51',1,1,1,NULL,NULL,'MF',NULL,0),(91,NULL,24,6,6,9.9,'2019-12-12 13:54:51','2019-12-12 13:54:51',1,1,1,NULL,NULL,'MF',NULL,0),(92,NULL,24,7,10,13.9,'2019-12-12 13:54:51','2019-12-12 13:54:51',1,1,1,NULL,NULL,'MF',NULL,0),(93,NULL,24,8,14,19.9,'2019-12-12 13:54:51','2019-12-12 13:54:51',1,1,1,NULL,NULL,'MF',NULL,0),(94,NULL,24,11,20,24.9,'2019-12-12 13:54:51','2019-12-12 13:54:51',1,1,1,NULL,NULL,'MF',NULL,0),(95,NULL,931,9,14,24.9,'2019-12-12 13:54:51','2019-12-12 13:54:51',1,1,1,NULL,NULL,'MF',NULL,0),(96,NULL,931,6,25,300,'2019-12-12 13:54:51','2019-12-12 13:54:51',1,1,1,NULL,NULL,'MF',NULL,0),(97,NULL,83,13,19,300,'2019-12-12 13:54:51','2019-12-12 13:54:51',1,0,NULL,NULL,NULL,'MF','3HP',1),(102,11,982,13,20,300,'2019-01-14 13:54:51','2019-12-12 13:00:00',1,1,1,NULL,NULL,'MF',NULL,1),(103,8,74,1,3,3.9,'2019-08-09 11:22:34','2019-08-09 11:22:34',1,1,1,NULL,NULL,'MF',NULL,1),(104,8,74,2,4,5.9,'2019-08-09 11:22:55','2019-08-09 11:22:55',1,1,1,NULL,NULL,'MF',NULL,1),(105,10,74,1,3,3.9,'2019-08-09 11:23:29','2019-08-09 11:23:29',1,1,1,NULL,NULL,'MF',NULL,1),(106,10,74,2,4,5.9,'2019-08-09 11:23:43','2019-08-09 11:23:43',1,1,1,NULL,NULL,'MF',NULL,1),(107,15,1044,13,3,5.9,'2016-09-19 16:00:00','2016-09-19 16:00:00',1,0,NULL,NULL,NULL,'MF',NULL,0),(108,15,1044,14,6,9.9,'2016-09-19 16:00:00','2016-09-19 16:00:00',1,0,NULL,NULL,NULL,'MF',NULL,0),(109,15,1044,15,10,13.9,'2016-09-19 16:00:00','2016-09-19 16:00:00',1,0,NULL,NULL,NULL,'MF',NULL,0),(110,15,1044,16,14,19.9,'2016-09-19 16:00:00','2016-09-19 16:00:00',1,0,NULL,NULL,NULL,'MF',NULL,0),(111,15,1044,17,20,24.9,'2016-09-19 16:00:00','2016-09-19 16:00:00',1,0,NULL,NULL,NULL,'MF',NULL,0),(117,15,1043,1,3,3.9,'2019-12-12 13:54:51','2019-12-12 13:54:51',1,0,NULL,NULL,NULL,'MF',NULL,0),(118,15,1043,3,4,5.9,'2019-12-12 13:54:51','2019-12-12 13:54:51',1,0,NULL,NULL,NULL,'MF',NULL,0),(119,15,1043,5,6,9.9,'2019-12-12 13:54:51','2019-12-12 13:54:51',1,0,NULL,NULL,NULL,'MF',NULL,0),(120,15,1043,18,10,13.9,'2019-12-12 13:54:51','2019-12-12 13:54:51',1,0,NULL,NULL,NULL,'MF',NULL,0),(121,15,1043,18,14,19.9,'2019-12-12 13:54:51','2019-12-12 13:54:51',1,0,NULL,NULL,NULL,'MF',NULL,0),(122,15,1043,19,20,24.9,'2019-12-12 13:54:51','2019-12-12 13:54:51',1,0,NULL,NULL,NULL,'MF',NULL,0),(123,15,954,1,25,300,'2019-12-12 13:54:51','2019-12-12 13:54:51',NULL,0,NULL,NULL,NULL,'MF',NULL,0),(124,15,969,13,25,300,'2019-12-12 14:22:12','2019-12-12 14:22:12',1,0,NULL,NULL,NULL,'MF',NULL,0),(125,16,30,6,10,13.9,'2019-12-12 13:00:00','2019-12-12 13:00:00',1,1,1,NULL,NULL,'MF',NULL,1),(126,16,30,7,14,24.9,'2019-12-12 13:00:00','2019-12-12 13:00:00',1,1,1,NULL,NULL,'MF',NULL,1),(127,16,30,8,25,34.9,'2019-12-12 13:00:00','2019-12-12 13:00:00',1,1,1,NULL,NULL,'MF',NULL,1),(128,16,11,6,35,300,'2019-12-12 13:00:00','2019-12-12 13:00:00',1,0,NULL,NULL,NULL,'MF',NULL,0),(129,16,1044,13,3,5.9,'2019-12-19 14:00:00','2019-12-19 14:00:00',1,0,NULL,NULL,NULL,'MF',NULL,0),(130,16,1044,14,6,9.9,'2019-12-19 14:00:00','2019-12-19 14:00:00',1,0,NULL,NULL,NULL,'MF',NULL,0),(131,16,1044,15,10,13.9,'2019-12-19 14:00:00','2019-12-19 14:00:00',1,0,NULL,NULL,NULL,'MF',NULL,0),(132,16,1044,16,14,19.9,'2019-12-19 14:00:00','2019-12-19 14:00:00',1,0,NULL,NULL,NULL,'MF',NULL,0),(133,16,1044,17,20,24.9,'2019-12-19 14:00:00','2019-12-19 14:00:00',1,0,NULL,NULL,NULL,'MF',NULL,0),(134,16,969,13,25,300,'2019-12-12 14:22:12','2019-12-12 14:22:12',1,0,NULL,NULL,NULL,'MF',NULL,0),(135,14,1044,13,3,5.9,'2020-05-20 09:27:42','2020-05-20 09:27:42',1,1,1,NULL,NULL,'MF',NULL,1),(136,14,1044,14,6,9.9,'2020-05-20 09:28:09','2020-05-20 09:28:09',1,1,1,NULL,NULL,'MF',NULL,1),(137,14,1044,15,10,13.9,'2020-05-20 09:28:46','2020-05-20 09:28:46',1,1,1,NULL,NULL,'MF',NULL,1),(138,14,1044,16,14,19.9,'2020-05-20 09:29:08','2020-05-20 09:29:08',1,1,1,NULL,NULL,'MF',NULL,1),(139,14,1044,17,20,24.9,'2020-05-20 09:29:37','2020-05-20 09:29:37',1,1,1,NULL,NULL,'MF',NULL,1),(140,13,736,1,3,3.9,'2020-05-20 10:15:25','2020-05-20 10:15:25',1,0,NULL,NULL,NULL,'MF',NULL,1),(141,13,736,2,6,9.9,'2020-05-20 10:16:22','2020-05-20 10:16:22',1,0,NULL,NULL,NULL,'MF',NULL,1),(142,13,736,3,10,13.9,'2020-05-20 10:16:43','2020-05-20 10:16:43',1,0,NULL,NULL,NULL,'MF',NULL,1),(143,13,736,4,14,19.9,'2020-05-20 10:16:59','2020-05-20 10:16:59',1,0,NULL,NULL,NULL,'MF',NULL,1),(144,13,736,5,20,24.9,'2020-05-20 10:17:15','2020-05-20 10:17:15',1,0,NULL,NULL,NULL,'MF',NULL,1),(145,8,1045,3,3,5.9,NULL,NULL,NULL,0,NULL,NULL,NULL,'MF',NULL,0),(146,8,1045,5,6,9.9,NULL,NULL,NULL,0,NULL,NULL,NULL,'MF',NULL,0),(147,8,1045,18,10,13.9,NULL,NULL,NULL,0,NULL,NULL,NULL,'MF',NULL,0),(148,8,1045,20,14,19.9,NULL,NULL,NULL,0,NULL,NULL,NULL,'MF',NULL,0),(149,8,1045,19,20,24.9,NULL,NULL,NULL,0,NULL,NULL,NULL,'MF',NULL,0),(150,10,1045,3,3,3.9,NULL,NULL,NULL,0,NULL,NULL,NULL,'MF',NULL,0),(151,10,1045,5,6,9.9,NULL,NULL,NULL,0,NULL,NULL,NULL,'MF',NULL,0),(152,10,1045,18,10,13.9,NULL,NULL,NULL,0,NULL,NULL,NULL,'MF',NULL,0),(153,10,1045,20,14,19.9,NULL,NULL,NULL,0,NULL,NULL,NULL,'MF',NULL,0),(154,10,1045,19,20,24.9,NULL,NULL,NULL,0,NULL,NULL,NULL,'MF',NULL,0),(155,NULL,1056,12,20,24.9,'2020-07-26 15:06:29','2020-07-26 15:06:29',1,1,1,NULL,NULL,'MF','3HP',0),(157,NULL,1056,21,25,29.9,'2020-07-26 15:15:14','2020-07-26 15:15:14',1,1,1,NULL,NULL,'MF','3HP',0),(158,NULL,1056,22,30,49.9,'2020-07-26 15:15:28','2020-07-26 15:15:28',1,1,1,NULL,NULL,'MF','3HP',0),(159,NULL,1056,23,50,1000,'2020-07-26 15:16:30','2020-07-26 15:16:30',1,1,1,NULL,NULL,'MF','3HP',0),(162,NULL,24,6,20,24.9,'2020-08-06 13:07:10','2020-08-06 13:07:10',1,1,1,NULL,NULL,'MF','3HP',0),(163,NULL,24,7,25,34.9,'2020-08-06 13:07:57','2020-08-06 13:07:57',1,1,1,NULL,NULL,'MF','3HP',0),(164,NULL,24,8,35,49.9,'2020-08-06 13:09:26','2020-08-06 13:09:26',1,1,1,NULL,NULL,'MF','3HP',0),(165,NULL,24,12,50,1000,'2020-08-06 13:09:39','2020-08-06 13:09:39',1,1,1,NULL,NULL,'MF','3HP',0),(166,NULL,76,13,19,300,'2020-08-06 13:35:26','2020-08-06 13:35:26',1,0,NULL,NULL,NULL,'MF','',1),(167,14,980,24,3,5.9,'2021-06-23 06:22:13','2021-06-23 06:22:13',1,1,1,NULL,NULL,'MF',NULL,1),(168,14,980,14,6,9.9,'2021-06-23 06:23:36','2021-06-23 06:23:36',1,1,1,NULL,NULL,'MF',NULL,1),(169,14,980,15,10,13.9,'2021-06-23 06:23:53','2021-06-23 06:23:53',1,1,1,NULL,NULL,'MF',NULL,1),(170,14,980,16,14,19.9,'2021-06-23 06:24:17','2021-06-23 06:24:17',1,1,1,NULL,NULL,'MF',NULL,1),(171,14,1044,13,3,5.9,'2021-06-23 06:41:05','2021-06-23 06:41:05',1,1,1,NULL,NULL,'MF',NULL,1),(172,14,1044,14,6,9.9,'2021-06-23 06:41:22','2021-06-23 06:41:22',1,1,1,NULL,NULL,'MF',NULL,1),(173,14,1044,15,10,13.9,'2021-06-23 06:41:34','2021-06-23 06:41:34',1,1,1,NULL,NULL,'MF',NULL,1),(174,14,1044,16,14,19.9,'2021-06-23 06:42:01','2021-06-23 06:42:01',1,1,1,NULL,NULL,'MF',NULL,1),(175,14,1044,17,20,24.9,'2021-06-23 06:42:28','2021-06-23 06:42:28',1,1,1,NULL,NULL,'MF',NULL,1),(176,13,39,1,3,3.9,'2021-06-28 13:43:06','2021-06-28 13:43:06',1,1,1,NULL,NULL,'MF',NULL,1),(177,13,736,1,25,29.9,'2021-06-29 07:40:19','2021-06-29 07:40:19',1,1,1,NULL,NULL,'MF',NULL,1),(178,13,736,1,30,34.9,'2021-06-29 07:40:51','2021-06-29 07:40:51',1,1,1,NULL,NULL,'MF',NULL,1),(179,13,736,1,35,39.9,'2021-06-29 07:41:12','2021-06-29 07:41:12',1,1,1,NULL,NULL,'MF',NULL,1),(180,13,980,24,3,5.9,'2021-06-29 07:45:48','2021-06-29 07:45:48',1,1,1,NULL,NULL,'MF',NULL,1),(181,13,980,14,6,9.9,'2021-06-29 07:46:02','2021-06-29 07:46:02',1,1,1,NULL,NULL,'MF',NULL,1),(182,13,980,15,10,13.9,'2021-06-29 07:46:19','2021-06-29 07:46:19',1,1,1,NULL,NULL,'MF',NULL,1),(183,13,980,16,14,19.9,'2021-06-29 07:46:34','2021-06-29 07:46:34',1,1,1,NULL,NULL,'MF',NULL,1),(184,3,736,1,4,5.9,'2022-03-08 16:00:00','2022-03-08 16:00:00',1,0,NULL,0,120,'MF',NULL,1),(185,10,736,1,4,5.9,'2022-03-08 16:00:00','2022-03-08 16:00:00',1,0,NULL,0,120,'MF',NULL,1),(186,13,736,1,4,5.9,'2022-03-08 16:00:00','2022-03-08 16:00:00',1,0,NULL,NULL,NULL,'MF',NULL,1),(204,3,39,1,25,29.9,'2022-03-08 16:00:00','2022-03-08 16:00:00',1,0,NULL,NULL,NULL,'MF',NULL,1),(205,3,39,1,30,34.9,'2022-03-08 16:00:00','2022-03-08 16:00:00',1,0,NULL,NULL,NULL,'MF',NULL,1),(206,3,39,1,35,39.9,'2022-03-08 16:00:00','2022-03-08 16:00:00',1,0,NULL,NULL,NULL,'MF',NULL,1),(207,3,39,1,40,49.9,'2022-03-08 16:00:00','2022-03-08 16:00:00',1,0,NULL,NULL,NULL,'MF',NULL,1),(208,3,39,1,50,700,'2022-03-08 16:00:00','2022-03-08 16:00:00',1,0,NULL,NULL,NULL,'MF',NULL,1),(214,10,39,1,25,29.9,'2022-03-08 16:00:00','2022-03-08 16:00:00',1,0,NULL,NULL,NULL,'MF',NULL,1),(215,10,39,1,30,34.9,'2022-03-08 16:00:00','2022-03-08 16:00:00',1,0,NULL,NULL,NULL,'MF',NULL,1),(216,10,39,1,35,39.9,'2022-03-08 16:00:00','2022-03-08 16:00:00',1,0,NULL,NULL,NULL,'MF',NULL,1),(217,10,39,1,40,49.9,'2022-03-08 16:00:00','2022-03-08 16:00:00',1,0,NULL,NULL,NULL,'MF',NULL,1),(218,10,39,1,50,700,'2022-03-08 16:00:00','2022-03-08 16:00:00',1,0,NULL,NULL,NULL,'MF',NULL,1),(224,13,39,1,25,29.9,'2022-03-08 16:00:00','2022-03-08 16:00:00',1,0,NULL,NULL,NULL,'MF',NULL,1),(225,13,39,1,30,34.9,'2022-03-08 16:00:00','2022-03-08 16:00:00',1,0,NULL,NULL,NULL,'MF',NULL,1),(226,13,39,1,35,39.9,'2022-03-08 16:00:00','2022-03-08 16:00:00',1,0,NULL,NULL,NULL,'MF',NULL,1),(227,13,39,1,40,49.9,'2022-03-08 16:00:00','2022-03-08 16:00:00',1,0,NULL,NULL,NULL,'MF',NULL,1),(228,13,39,1,50,700,'2022-03-08 16:00:00','2022-03-08 16:00:00',1,0,NULL,NULL,NULL,'MF',NULL,1),(234,8,969,13,25,29.9,'2022-03-08 16:00:00','2022-03-08 16:00:00',1,0,NULL,NULL,NULL,'MF',NULL,1),(235,8,969,13,30,34.9,'2022-03-08 16:00:00','2022-03-08 16:00:00',1,0,NULL,NULL,NULL,'MF',NULL,1),(236,8,969,13,35,39.9,'2022-03-08 16:00:00','2022-03-08 16:00:00',1,0,NULL,NULL,NULL,'MF',NULL,1),(237,8,969,13,40,49.9,'2022-03-08 16:00:00','2022-03-08 16:00:00',1,0,NULL,NULL,NULL,'MF',NULL,1),(238,8,969,13,50,700,'2022-03-08 16:00:00','2022-03-08 16:00:00',1,0,NULL,NULL,NULL,'MF',NULL,1),(245,14,969,13,25,29.9,'2022-03-08 16:00:00','2022-03-08 16:00:00',1,0,NULL,NULL,NULL,'MF',NULL,1),(246,14,969,13,30,34.9,'2022-03-08 16:00:00','2022-03-08 16:00:00',1,0,NULL,NULL,NULL,'MF',NULL,1),(247,14,969,13,35,39.9,'2022-03-08 16:00:00','2022-03-08 16:00:00',1,0,NULL,NULL,NULL,'MF',NULL,1),(248,14,969,13,40,49.9,'2022-03-08 16:00:00','2022-03-08 16:00:00',1,0,NULL,NULL,NULL,'MF',NULL,1),(249,14,969,13,50,700,'2022-03-08 16:00:00','2022-03-08 16:00:00',1,0,NULL,NULL,NULL,'MF',NULL,1),(250,14,1044,13,3,3.9,'2022-03-08 16:00:00','2022-03-08 16:00:00',1,0,NULL,NULL,NULL,'MF',NULL,1),(251,14,1044,13,4,5.9,'2022-03-08 16:00:00','2022-03-08 16:00:00',1,0,NULL,NULL,NULL,'MF',NULL,1),(252,14,1044,14,6,9.9,'2022-03-08 16:00:00','2022-03-08 16:00:00',1,0,NULL,NULL,NULL,'MF',NULL,1),(253,14,1044,15,10,13.9,'2022-03-08 16:00:00','2022-03-08 16:00:00',1,0,NULL,NULL,NULL,'MF',NULL,1),(254,14,1044,16,14,19.9,'2022-03-08 16:00:00','2022-03-08 16:00:00',1,0,NULL,NULL,NULL,'MF',NULL,1),(255,14,1044,17,20,24.9,'2022-03-08 16:00:00','2022-03-08 16:00:00',1,0,NULL,NULL,NULL,'MF',NULL,1),(261,8,1044,13,3,3.9,'2022-03-08 16:00:00','2022-03-08 16:00:00',1,0,NULL,NULL,NULL,'MF',NULL,1),(262,8,1044,13,4,5.9,'2022-03-08 16:00:00','2022-03-08 16:00:00',1,0,NULL,NULL,NULL,'MF',NULL,1),(263,8,1044,14,6,9.9,'2022-03-08 16:00:00','2022-03-08 16:00:00',1,0,NULL,NULL,NULL,'MF',NULL,1),(264,8,1044,15,10,13.9,'2022-03-08 16:00:00','2022-03-08 16:00:00',1,0,NULL,NULL,NULL,'MF',NULL,1),(265,8,1044,16,14,19.9,'2022-03-08 16:00:00','2022-03-08 16:00:00',1,0,NULL,NULL,NULL,'MF',NULL,1),(266,8,1044,17,20,24.9,'2022-03-08 16:00:00','2022-03-08 16:00:00',1,0,NULL,NULL,NULL,'MF',NULL,1),(280,8,73,3,35,39.9,'2022-03-08 16:00:00','2022-03-08 16:00:00',1,0,NULL,NULL,NULL,'MF',NULL,1),(281,8,73,3,40,49.9,'2022-03-08 16:00:00','2022-03-08 16:00:00',1,0,NULL,NULL,NULL,'MF',NULL,1),(282,8,73,3,50,700,'2022-03-08 16:00:00','2022-03-08 16:00:00',1,0,NULL,NULL,NULL,'MF',NULL,1),(291,9,73,3,35,39.9,'2022-03-08 16:00:00','2022-03-08 16:00:00',1,0,NULL,NULL,NULL,'MF',NULL,1),(292,9,73,3,40,49.9,'2022-03-08 16:00:00','2022-03-08 16:00:00',1,0,NULL,NULL,NULL,'MF',NULL,1),(293,9,73,3,50,700,'2022-03-08 16:00:00','2022-03-08 16:00:00',1,0,NULL,NULL,NULL,'MF',NULL,1),(302,10,73,3,35,39.9,'2022-03-08 16:00:00','2022-03-08 16:00:00',1,0,NULL,NULL,NULL,'MF',NULL,1),(303,10,73,3,40,49.9,'2022-03-08 16:00:00','2022-03-08 16:00:00',1,0,NULL,NULL,NULL,'MF',NULL,1),(304,10,73,3,50,700,'2022-03-08 16:00:00','2022-03-08 16:00:00',1,0,NULL,NULL,NULL,'MF',NULL,1),(305,8,74,1,3,3.9,'2022-03-08 16:00:00','2022-03-08 16:00:00',1,0,NULL,NULL,NULL,'MF',NULL,1),(306,8,74,2,4,5.9,'2022-03-08 16:00:00','2022-03-08 16:00:00',1,0,NULL,NULL,NULL,'MF',NULL,1),(307,8,74,10,6,9.9,'2022-03-08 16:00:00','2022-03-08 16:00:00',1,0,NULL,NULL,NULL,'MF',NULL,1),(308,8,74,10,10,13.9,'2022-03-08 16:00:00','2022-03-08 16:00:00',1,0,NULL,NULL,NULL,'MF',NULL,1),(309,8,74,3,14,19.9,'2022-03-08 16:00:00','2022-03-08 16:00:00',1,0,NULL,NULL,NULL,'MF',NULL,1),(310,8,74,3,20,24.9,'2022-03-08 16:00:00','2022-03-08 16:00:00',1,0,NULL,NULL,NULL,'MF',NULL,1),(311,8,74,5,25,29.9,'2022-03-08 16:00:00','2022-03-08 16:00:00',1,0,NULL,NULL,NULL,'MF',NULL,1),(312,8,74,5,30,34.9,'2022-03-08 16:00:00','2022-03-08 16:00:00',1,0,NULL,NULL,NULL,'MF',NULL,1),(316,10,74,1,3,3.9,'2022-03-08 16:00:00','2022-03-08 16:00:00',1,0,NULL,NULL,NULL,'MF',NULL,1),(317,10,74,2,4,5.9,'2022-03-08 16:00:00','2022-03-08 16:00:00',1,0,NULL,NULL,NULL,'MF',NULL,1),(318,10,74,10,6,9.9,'2022-03-08 16:00:00','2022-03-08 16:00:00',1,0,NULL,NULL,NULL,'MF',NULL,1),(319,10,74,10,10,13.9,'2022-03-08 16:00:00','2022-03-08 16:00:00',1,0,NULL,NULL,NULL,'MF',NULL,1),(320,10,74,3,14,19.9,'2022-03-08 16:00:00','2022-03-08 16:00:00',1,0,NULL,NULL,NULL,'MF',NULL,1),(321,10,74,3,20,24.9,'2022-03-08 16:00:00','2022-03-08 16:00:00',1,0,NULL,NULL,NULL,'MF',NULL,1),(322,10,74,5,25,29.9,'2022-03-08 16:00:00','2022-03-08 16:00:00',1,0,NULL,NULL,NULL,'MF',NULL,1),(323,10,74,5,30,34.9,'2022-03-08 16:00:00','2022-03-08 16:00:00',1,0,NULL,NULL,NULL,'MF',NULL,1),(327,10,1045,3,4,5.9,NULL,NULL,NULL,0,NULL,NULL,NULL,'MF',NULL,0),(336,3,30,6,10,13.9,'2022-03-08 16:00:00','2022-03-08 16:00:00',1,0,NULL,NULL,NULL,'MF',NULL,1),(337,3,30,7,14,19.9,'2022-03-08 16:00:00','2022-03-08 16:00:00',1,0,NULL,NULL,NULL,'MF',NULL,1),(338,3,30,7,20,24.9,'2022-03-08 16:00:00','2022-03-08 16:00:00',1,0,NULL,NULL,NULL,'MF',NULL,1),(339,3,30,8,25,29.9,'2022-03-08 16:00:00','2022-03-08 16:00:00',1,0,NULL,NULL,NULL,'MF',NULL,1),(340,3,30,8,30,34.9,'2022-03-08 16:00:00','2022-03-08 16:00:00',1,0,NULL,NULL,NULL,'MF',NULL,1),(344,16,30,6,10,13.9,'2022-03-08 16:00:00','2022-03-08 16:00:00',1,0,NULL,NULL,NULL,'MF',NULL,1),(345,16,30,7,14,19.9,'2022-03-08 16:00:00','2022-03-08 16:00:00',1,0,NULL,NULL,NULL,'MF',NULL,1),(346,16,30,7,20,24.9,'2022-03-08 16:00:00','2022-03-08 16:00:00',1,0,NULL,NULL,NULL,'MF',NULL,1),(347,16,30,8,25,29.9,'2022-03-08 16:00:00','2022-03-08 16:00:00',1,0,NULL,NULL,NULL,'MF',NULL,1),(348,16,30,8,30,34.9,'2022-03-08 16:00:00','2022-03-08 16:00:00',1,0,NULL,NULL,NULL,'MF',NULL,1),(357,3,1213,6,35,39.9,'2022-03-08 16:00:00','2022-03-08 16:00:00',1,0,NULL,NULL,NULL,'MF',NULL,1),(358,3,1213,6,40,49.9,'2022-03-08 16:00:00','2022-03-08 16:00:00',1,0,NULL,NULL,NULL,'MF',NULL,1),(359,3,1213,6,50,700,'2022-03-08 16:00:00','2022-03-08 16:00:00',1,0,NULL,NULL,NULL,'MF',NULL,1),(365,16,1213,6,35,39.9,'2022-03-08 16:00:00','2022-03-08 16:00:00',1,0,NULL,NULL,NULL,'MF',NULL,1),(366,16,1213,6,40,49.9,'2022-03-08 16:00:00','2022-03-08 16:00:00',1,0,NULL,NULL,NULL,'MF',NULL,1),(367,16,1213,6,50,700,'2022-03-08 16:00:00','2022-03-08 16:00:00',1,0,NULL,NULL,NULL,'MF',NULL,1),(368,6,932,6,30,34.9,'2022-03-08 16:00:00','2022-03-08 16:00:00',1,0,NULL,NULL,NULL,'MF',NULL,1),(369,6,932,6,35,39.9,'2022-03-08 16:00:00','2022-03-08 16:00:00',1,0,NULL,NULL,NULL,'MF',NULL,1),(370,6,932,6,40,49.9,'2022-03-08 16:00:00','2022-03-08 16:00:00',1,0,NULL,NULL,NULL,'MF',NULL,1),(371,6,932,6,50,700,'2022-03-08 16:00:00','2022-03-08 16:00:00',1,0,NULL,NULL,NULL,'MF',NULL,1),(372,7,932,6,30,34.9,'2022-03-08 16:00:00','2022-03-08 16:00:00',1,0,NULL,NULL,NULL,'MF',NULL,1),(373,7,932,6,35,39.9,'2022-03-08 16:00:00','2022-03-08 16:00:00',1,0,NULL,NULL,NULL,'MF',NULL,1),(374,7,932,6,40,49.9,'2022-03-08 16:00:00','2022-03-08 16:00:00',1,0,NULL,NULL,NULL,'MF',NULL,1),(375,7,932,6,50,700,'2022-03-08 16:00:00','2022-03-08 16:00:00',1,0,NULL,NULL,NULL,'MF',NULL,1),(376,6,734,6,30,34.9,'2022-03-08 16:00:00','2022-03-08 16:00:00',1,0,NULL,NULL,NULL,'MF',NULL,1),(377,6,734,6,35,39.9,'2022-03-08 16:00:00','2022-03-08 16:00:00',1,0,NULL,NULL,NULL,'MF',NULL,1),(378,6,734,6,40,49.9,'2022-03-08 16:00:00','2022-03-08 16:00:00',1,0,NULL,NULL,NULL,'MF',NULL,1),(379,6,734,6,50,700,'2022-03-08 16:00:00','2022-03-08 16:00:00',1,0,NULL,NULL,NULL,'MF',NULL,1),(380,9,734,6,30,34.9,'2022-03-08 16:00:00','2022-03-08 16:00:00',1,0,NULL,NULL,NULL,'MF',NULL,1),(381,9,734,6,35,39.9,'2022-03-08 16:00:00','2022-03-08 16:00:00',1,0,NULL,NULL,NULL,'MF',NULL,1),(382,9,734,6,40,49.9,'2022-03-08 16:00:00','2022-03-08 16:00:00',1,0,NULL,NULL,NULL,'MF',NULL,1),(383,9,734,6,50,700,'2022-03-08 16:00:00','2022-03-08 16:00:00',1,0,NULL,NULL,NULL,'MF',NULL,1),(384,4,1217,6,35,39.9,'2022-03-08 16:00:00','2022-03-08 16:00:00',1,0,NULL,NULL,NULL,'MF',NULL,1),(385,4,1217,6,40,49.9,'2022-03-08 16:00:00','2022-03-08 16:00:00',1,0,NULL,NULL,NULL,'MF',NULL,1),(386,4,1217,6,50,700,'2022-03-08 16:00:00','2022-03-08 16:00:00',1,0,NULL,NULL,NULL,'MF',NULL,1),(387,12,983,13,30,34.9,'2022-03-08 16:00:00','2022-03-08 16:00:00',1,0,NULL,NULL,NULL,'MF',NULL,1),(388,12,983,13,35,39.9,'2022-03-08 16:00:00','2022-03-08 16:00:00',1,0,NULL,NULL,NULL,'MF',NULL,1),(389,12,983,13,40,49.9,'2022-03-08 16:00:00','2022-03-08 16:00:00',1,0,NULL,NULL,NULL,'MF',NULL,1),(390,12,983,13,50,700,'2022-03-08 16:00:00','2022-03-08 16:00:00',1,0,NULL,NULL,NULL,'MF',NULL,1),(391,11,980,24,3,3.9,'2022-03-08 16:00:00','2022-03-08 16:00:00',1,0,NULL,NULL,NULL,'MF',NULL,1),(392,11,980,24,4,5.9,'2022-03-08 16:00:00','2022-03-08 16:00:00',1,0,NULL,NULL,NULL,'MF',NULL,1),(393,11,980,14,6,9.9,'2022-03-08 16:00:00','2022-03-08 16:00:00',1,0,NULL,NULL,NULL,'MF',NULL,1),(394,11,980,15,10,13.9,'2022-03-08 16:00:00','2022-03-08 16:00:00',1,0,NULL,NULL,NULL,'MF',NULL,1),(395,11,980,16,14,19.9,'2022-03-08 16:00:00','2022-03-08 16:00:00',1,0,NULL,NULL,NULL,'MF',NULL,1),(402,13,980,24,3,3.9,'2022-03-08 16:00:00','2022-03-08 16:00:00',1,0,NULL,NULL,NULL,'MF',NULL,1),(403,13,980,24,4,5.9,'2022-03-08 16:00:00','2022-03-08 16:00:00',1,0,NULL,NULL,NULL,'MF',NULL,1),(404,13,980,14,6,9.9,'2022-03-08 16:00:00','2022-03-08 16:00:00',1,0,NULL,NULL,NULL,'MF',NULL,1),(405,13,980,15,10,13.9,'2022-03-08 16:00:00','2022-03-08 16:00:00',1,0,NULL,NULL,NULL,'MF',NULL,1),(406,13,980,16,14,19.9,'2022-03-08 16:00:00','2022-03-08 16:00:00',1,0,NULL,NULL,NULL,'MF',NULL,1),(413,14,980,24,3,3.9,'2022-03-08 16:00:00','2022-03-08 16:00:00',1,0,NULL,NULL,NULL,'MF',NULL,1),(414,14,980,24,4,5.9,'2022-03-08 16:00:00','2022-03-08 16:00:00',1,0,NULL,NULL,NULL,'MF',NULL,1),(415,14,980,14,6,9.9,'2022-03-08 16:00:00','2022-03-08 16:00:00',1,0,NULL,NULL,NULL,'MF',NULL,1),(416,14,980,15,10,13.9,'2022-03-08 16:00:00','2022-03-08 16:00:00',1,0,NULL,NULL,NULL,'MF',NULL,1),(417,14,980,16,14,19.9,'2022-03-08 16:00:00','2022-03-08 16:00:00',1,0,NULL,NULL,NULL,'MF',NULL,1),(430,11,982,13,20,24.9,'2022-03-08 16:00:00','2022-03-08 16:00:00',1,0,NULL,NULL,NULL,'MF',NULL,1),(431,11,982,13,25,29.9,'2022-03-08 16:00:00','2022-03-08 16:00:00',1,0,NULL,NULL,NULL,'MF',NULL,1),(432,11,982,13,30,34.9,'2022-03-08 16:00:00','2022-03-08 16:00:00',1,0,NULL,NULL,NULL,'MF',NULL,1),(433,11,982,13,35,39.9,'2022-03-08 16:00:00','2022-03-08 16:00:00',1,0,NULL,NULL,NULL,'MF',NULL,1),(434,11,982,13,40,49.9,'2022-03-08 16:00:00','2022-03-08 16:00:00',1,0,NULL,NULL,NULL,'MF',NULL,1),(435,11,982,13,50,700,'2022-03-08 16:00:00','2022-03-08 16:00:00',1,0,NULL,NULL,NULL,'MF',NULL,1),(436,13,982,13,20,24.9,'2022-03-08 16:00:00','2022-03-08 16:00:00',1,0,NULL,NULL,NULL,'MF',NULL,1),(437,13,982,13,25,29.9,'2022-03-08 16:00:00','2022-03-08 16:00:00',1,0,NULL,NULL,NULL,'MF',NULL,1),(438,13,982,13,30,34.9,'2022-03-08 16:00:00','2022-03-08 16:00:00',1,0,NULL,NULL,NULL,'MF',NULL,1),(439,13,982,13,35,39.9,'2022-03-08 16:00:00','2022-03-08 16:00:00',1,0,NULL,NULL,NULL,'MF',NULL,1),(440,13,982,13,40,49.9,'2022-03-08 16:00:00','2022-03-08 16:00:00',1,0,NULL,NULL,NULL,'MF',NULL,1),(441,13,982,13,50,700,'2022-03-08 16:00:00','2022-03-08 16:00:00',1,0,NULL,NULL,NULL,'MF',NULL,1),(442,14,982,13,20,24.9,'2022-03-08 16:00:00','2022-03-08 16:00:00',1,0,NULL,NULL,NULL,'MF',NULL,1),(443,14,982,13,25,29.9,'2022-03-08 16:00:00','2022-03-08 16:00:00',1,0,NULL,NULL,NULL,'MF',NULL,1),(444,14,982,13,30,34.9,'2022-03-08 16:00:00','2022-03-08 16:00:00',1,0,NULL,NULL,NULL,'MF',NULL,1),(445,14,982,13,35,39.9,'2022-03-08 16:00:00','2022-03-08 16:00:00',1,0,NULL,NULL,NULL,'MF',NULL,1),(446,14,982,13,40,49.9,'2022-03-08 16:00:00','2022-03-08 16:00:00',1,0,NULL,NULL,NULL,'MF',NULL,1),(447,14,982,13,50,700,'2022-03-08 16:00:00','2022-03-08 16:00:00',1,0,NULL,NULL,NULL,'MF',NULL,1),(448,11,976,1,35,39.9,'2022-03-08 16:00:00','2022-03-08 16:00:00',1,0,NULL,NULL,NULL,'MF',NULL,1),(449,11,976,1,40,49.9,'2022-03-08 16:00:00','2022-03-08 16:00:00',1,0,NULL,NULL,NULL,'MF',NULL,1),(450,11,976,1,50,700,'2022-03-08 16:00:00','2022-03-08 16:00:00',1,0,NULL,NULL,NULL,'MF',NULL,1),(451,11,1214,4,14,19.9,'2022-03-08 16:00:00','2022-03-08 16:00:00',1,0,NULL,NULL,NULL,'MF',NULL,1),(452,11,1214,4,20,24.9,'2022-03-08 16:00:00','2022-03-08 16:00:00',1,0,NULL,NULL,NULL,'MF',NULL,1),(453,11,1214,4,25,29.9,'2022-03-08 16:00:00','2022-03-08 16:00:00',1,0,NULL,NULL,NULL,'MF',NULL,1),(454,11,1214,5,30,34.9,'2022-03-08 16:00:00','2022-03-08 16:00:00',1,0,NULL,NULL,NULL,'MF',NULL,1),(455,11,977,1,25,29.9,'2022-03-08 16:00:00','2022-03-08 16:00:00',1,0,NULL,NULL,NULL,'MF',NULL,1),(456,11,977,1,30,34.9,'2022-03-08 16:00:00','2022-03-08 16:00:00',1,0,NULL,NULL,NULL,'MF',NULL,1),(457,11,977,1,35,39.9,'2022-03-08 16:00:00','2022-03-08 16:00:00',1,0,NULL,NULL,NULL,'MF',NULL,1),(458,11,977,1,40,49.9,'2022-03-08 16:00:00','2022-03-08 16:00:00',1,0,NULL,NULL,NULL,'MF',NULL,1),(459,11,977,1,50,700,'2022-03-08 16:00:00','2022-03-08 16:00:00',1,0,NULL,NULL,NULL,'MF',NULL,1),(460,11,1215,1,14,19.9,'2022-03-08 16:00:00','2022-03-08 16:00:00',1,0,NULL,NULL,NULL,'MF',NULL,1),(461,11,1215,1,20,24.9,'2022-03-08 16:00:00','2022-03-08 16:00:00',1,0,NULL,NULL,NULL,'MF',NULL,1),(462,NULL,297,9,6,9.9,'2022-03-08 16:00:00','2022-03-08 16:00:00',1,0,NULL,NULL,NULL,'MF',NULL,0),(463,NULL,297,9,10,13.9,'2022-03-08 16:00:00','2022-03-08 16:00:00',1,0,NULL,NULL,NULL,'MF',NULL,0),(464,NULL,297,6,14,19.9,'2022-03-08 16:00:00','2022-03-08 16:00:00',1,0,NULL,NULL,NULL,'MF',NULL,0),(465,NULL,297,6,20,24.9,'2022-03-08 16:00:00','2022-03-08 16:00:00',1,0,NULL,NULL,NULL,'MF',NULL,0),(466,NULL,297,8,25,29.9,'2022-03-08 16:00:00','2022-03-08 16:00:00',1,0,NULL,NULL,NULL,'MF',NULL,0),(467,NULL,297,8,30,34.9,'2022-03-08 16:00:00','2022-03-08 16:00:00',1,0,NULL,NULL,NULL,'MF',NULL,0),(468,NULL,297,8,35,39.9,'2022-03-08 16:00:00','2022-03-08 16:00:00',1,0,NULL,NULL,NULL,'MF',NULL,0),(469,NULL,297,8,40,49.9,'2022-03-08 16:00:00','2022-03-08 16:00:00',1,0,NULL,NULL,NULL,'MF',NULL,0),(470,NULL,297,8,50,700,'2022-03-08 16:00:00','2022-03-08 16:00:00',1,0,NULL,NULL,NULL,'MF',NULL,0),(471,NULL,576,9,14,19.9,'2022-03-08 16:00:00','2022-03-08 16:00:00',1,0,NULL,NULL,NULL,'MF',NULL,0),(472,NULL,576,9,20,24.9,'2022-03-08 16:00:00','2022-03-08 16:00:00',1,0,NULL,NULL,NULL,'MF',NULL,0),(473,NULL,576,6,25,29.9,'2022-03-08 16:00:00','2022-03-08 16:00:00',1,0,NULL,NULL,NULL,'MF',NULL,0),(474,NULL,576,6,30,34.9,'2022-03-08 16:00:00','2022-03-08 16:00:00',1,0,NULL,NULL,NULL,'MF',NULL,0),(475,NULL,576,6,35,39.9,'2022-03-08 16:00:00','2022-03-08 16:00:00',1,0,NULL,NULL,NULL,'MF',NULL,0),(476,NULL,576,6,40,49.9,'2022-03-08 16:00:00','2022-03-08 16:00:00',1,0,NULL,NULL,NULL,'MF',NULL,0),(477,NULL,576,6,50,700,'2022-03-08 16:00:00','2022-03-08 16:00:00',1,0,NULL,NULL,NULL,'MF',NULL,0),(478,NULL,963,6,3,3.9,'2022-03-08 16:00:00','2022-03-08 16:00:00',1,0,NULL,NULL,NULL,'MF',NULL,0),(479,NULL,963,6,4,5.9,'2022-03-08 16:00:00','2022-03-08 16:00:00',1,0,NULL,NULL,NULL,'MF',NULL,0),(480,NULL,963,1,6,9.9,'2022-03-08 16:00:00','2022-03-08 16:00:00',1,0,NULL,NULL,NULL,'MF',NULL,0),(481,NULL,963,1,10,13.9,'2022-03-08 16:00:00','2022-03-08 16:00:00',1,0,NULL,NULL,NULL,'MF',NULL,0),(482,NULL,963,3,14,19.9,'2022-03-08 16:00:00','2022-03-08 16:00:00',1,0,NULL,NULL,NULL,'MF',NULL,0),(483,NULL,963,3,20,24.9,'2022-03-08 16:00:00','2022-03-08 16:00:00',1,0,NULL,NULL,NULL,'MF',NULL,0),(484,NULL,24,9,3,3.9,'2022-03-08 16:00:00','2022-03-08 16:00:00',1,0,NULL,NULL,NULL,'MF',NULL,0),(485,NULL,24,9,4,5.9,'2022-03-08 16:00:00','2022-03-08 16:00:00',1,0,NULL,NULL,NULL,'MF',NULL,0),(486,NULL,24,6,6,9.9,'2022-03-08 16:00:00','2022-03-08 16:00:00',1,0,NULL,NULL,NULL,'MF',NULL,0),(487,NULL,24,7,10,13.9,'2022-03-08 16:00:00','2022-03-08 16:00:00',1,0,NULL,NULL,NULL,'MF',NULL,0),(488,NULL,24,8,14,19.9,'2022-03-08 16:00:00','2022-03-08 16:00:00',1,0,NULL,NULL,NULL,'MF',NULL,0),(489,NULL,24,11,20,24.9,'2022-03-08 16:00:00','2022-03-08 16:00:00',1,0,NULL,NULL,NULL,'MF',NULL,0),(490,NULL,931,9,14,19.9,'2022-03-08 16:00:00','2022-03-08 16:00:00',1,0,NULL,NULL,NULL,'MF',NULL,0),(491,NULL,931,9,20,24.9,'2022-03-08 16:00:00','2022-03-08 16:00:00',1,0,NULL,NULL,NULL,'MF',NULL,0),(492,NULL,931,6,25,29.9,'2022-03-08 16:00:00','2022-03-08 16:00:00',1,0,NULL,NULL,NULL,'MF',NULL,0),(493,NULL,931,6,30,34.9,'2022-03-08 16:00:00','2022-03-08 16:00:00',1,0,NULL,NULL,NULL,'MF',NULL,0),(494,NULL,931,6,35,39.9,'2022-03-08 16:00:00','2022-03-08 16:00:00',1,0,NULL,NULL,NULL,'MF',NULL,0),(495,NULL,931,6,40,49.9,'2022-03-08 16:00:00','2022-03-08 16:00:00',1,0,NULL,NULL,NULL,'MF',NULL,0),(496,NULL,931,6,50,700,'2022-03-08 16:00:00','2022-03-08 16:00:00',1,0,NULL,NULL,NULL,'MF',NULL,0),(497,NULL,931,6,20,24.9,'2022-03-08 16:00:00','2022-03-08 16:00:00',1,0,NULL,NULL,NULL,'MF','3HP',0),(498,NULL,931,7,25,29.9,'2022-03-08 16:00:00','2022-03-08 16:00:00',1,0,NULL,NULL,NULL,'MF','3HP',0),(499,NULL,931,7,30,34.9,'2022-03-08 16:00:00','2022-03-08 16:00:00',1,0,NULL,NULL,NULL,'MF','3HP',0),(500,NULL,931,8,35,39.9,'2022-03-08 16:00:00','2022-03-08 16:00:00',1,0,NULL,NULL,NULL,'MF','3HP',0),(501,NULL,931,8,40,49.9,'2022-03-08 16:00:00','2022-03-08 16:00:00',1,0,NULL,NULL,NULL,'MF','3HP',0),(502,NULL,931,12,50,700,'2022-03-08 16:00:00','2022-03-08 16:00:00',1,0,NULL,NULL,NULL,'MF','3HP',0),(503,NULL,1056,12,20,24.9,'2022-03-08 16:00:00','2022-03-08 16:00:00',1,0,NULL,NULL,NULL,'MF','3HP',0),(504,NULL,1056,21,25,29.9,'2022-03-08 16:00:00','2022-03-08 16:00:00',1,0,NULL,NULL,NULL,'MF','3HP',0),(505,NULL,1056,22,30,34.9,'2022-03-08 16:00:00','2022-03-08 16:00:00',1,0,NULL,NULL,NULL,'MF','3HP',0),(506,NULL,1056,22,35,39.9,'2022-03-08 16:00:00','2022-03-08 16:00:00',1,0,NULL,NULL,NULL,'MF','3HP',0),(507,NULL,1056,22,40,49.9,'2022-03-08 16:00:00','2022-03-08 16:00:00',1,0,NULL,NULL,NULL,'MF','3HP',0),(508,NULL,1056,23,50,700,'2022-03-08 16:00:00','2022-03-08 16:00:00',1,0,NULL,NULL,NULL,'MF','3HP',0),(509,16,1044,13,3,3.9,'2022-03-08 16:00:00','2022-03-08 16:00:00',1,0,NULL,NULL,NULL,'MF',NULL,1),(510,16,1044,13,4,5.9,'2022-03-08 16:00:00','2022-03-08 16:00:00',1,0,NULL,NULL,NULL,'MF',NULL,1),(511,16,1044,14,6,9.9,'2022-03-08 16:00:00','2022-03-08 16:00:00',1,0,NULL,NULL,NULL,'MF',NULL,1),(512,16,1044,15,10,13.9,'2022-03-08 16:00:00','2022-03-08 16:00:00',1,0,NULL,NULL,NULL,'MF',NULL,1),(513,16,1044,16,14,19.9,'2022-03-08 16:00:00','2022-03-08 16:00:00',1,0,NULL,NULL,NULL,'MF',NULL,1),(514,16,1044,17,20,24.9,'2022-03-08 16:00:00','2022-03-08 16:00:00',1,0,NULL,NULL,NULL,'MF',NULL,1),(515,16,969,13,25,29.9,'2022-03-08 16:00:00','2022-03-08 16:00:00',1,0,NULL,NULL,NULL,'MF',NULL,1),(516,16,969,13,30,34.9,'2022-03-08 16:00:00','2022-03-08 16:00:00',1,0,NULL,NULL,NULL,'MF',NULL,1),(517,16,969,13,35,39.9,'2022-03-08 16:00:00','2022-03-08 16:00:00',1,0,NULL,NULL,NULL,'MF',NULL,1),(518,16,969,13,40,49.9,'2022-03-08 16:00:00','2022-03-08 16:00:00',1,0,NULL,NULL,NULL,'MF',NULL,1),(519,16,969,13,50,700,'2022-03-08 16:00:00','2022-03-08 16:00:00',1,0,NULL,NULL,NULL,'MF',NULL,1),(520,NULL,1216,12,30,34.9,'2022-03-08 16:00:00','2022-03-08 16:00:00',1,0,NULL,NULL,NULL,'MF','3HP',0),(521,NULL,1216,12,35,39.9,'2022-03-08 16:00:00','2022-03-08 16:00:00',1,0,NULL,NULL,NULL,'MF','3HP',0),(522,NULL,1216,12,40,49.9,'2022-03-08 16:00:00','2022-03-08 16:00:00',1,0,NULL,NULL,NULL,'MF','3HP',0),(523,NULL,1216,12,50,700,'2022-03-08 16:00:00','2022-03-08 16:00:00',1,0,NULL,NULL,NULL,'MF','3HP',0),(524,7,39,1,25,29.9,'2022-03-08 16:00:00','2022-03-08 16:00:00',1,0,NULL,NULL,NULL,'MF',NULL,1),(525,7,39,1,30,34.9,'2022-03-08 16:00:00','2022-03-08 16:00:00',1,0,NULL,NULL,NULL,'MF',NULL,1),(526,7,39,1,35,39.9,'2022-03-08 16:00:00','2022-03-08 16:00:00',1,0,NULL,NULL,NULL,'MF',NULL,1),(527,7,39,1,40,49.9,'2022-03-08 16:00:00','2022-03-08 16:00:00',1,0,NULL,NULL,NULL,'MF',NULL,1),(528,7,39,1,50,700,'2022-03-08 16:00:00','2022-03-08 16:00:00',1,0,NULL,NULL,NULL,'MF',NULL,1),(529,NULL,1216,12,25,29.9,'2022-03-08 16:00:00','2022-03-08 16:00:00',1,0,NULL,NULL,NULL,'MF','3HP',0),(530,NULL,83,9,3,18.9,'2022-04-14 18:52:00','2022-04-14 18:52:00',1,0,NULL,NULL,NULL,'MF',NULL,1),(531,NULL,83,13,19,300,'2022-04-14 18:52:00','2022-04-14 18:52:00',1,0,NULL,NULL,NULL,'MF',NULL,1);
/*!40000 ALTER TABLE `moh_regimen_ingredient` ENABLE KEYS */;
UNLOCK TABLES;

--
-- Table structure for table `moh_regimen_ingredient_starter_packs`
--

DROP TABLE IF EXISTS `moh_regimen_ingredient_starter_packs`;
/*!40101 SET @saved_cs_client     = @@character_set_client */;
/*!50503 SET character_set_client = utf8mb4 */;
CREATE TABLE `moh_regimen_ingredient_starter_packs` (
  `ingredient_id` int NOT NULL AUTO_INCREMENT,
  `regimen_id` int DEFAULT NULL,
  `drug_inventory_id` int DEFAULT NULL,
  `dose_id` int DEFAULT NULL,
  `min_weight` float DEFAULT NULL,
  `max_weight` float DEFAULT NULL,
  `date_created` datetime DEFAULT NULL,
  `date_updated` datetime DEFAULT NULL,
  `creator` int DEFAULT NULL,
  `voided` tinyint(1) NOT NULL DEFAULT '0',
  `voided_by` int DEFAULT NULL,
  PRIMARY KEY (`ingredient_id`)
) ENGINE=InnoDB AUTO_INCREMENT=51 DEFAULT CHARSET=latin1;
/*!40101 SET character_set_client = @saved_cs_client */;

--
-- Dumping data for table `moh_regimen_ingredient_starter_packs`
--

LOCK TABLES `moh_regimen_ingredient_starter_packs` WRITE;
/*!40000 ALTER TABLE `moh_regimen_ingredient_starter_packs` DISABLE KEYS */;
INSERT INTO `moh_regimen_ingredient_starter_packs` VALUES (1,1,1044,13,3,5.9,'2016-09-19 16:00:00','2016-09-19 16:00:00',1,0,NULL),(2,1,968,6,3,5.9,'2016-09-19 16:00:00','2016-09-19 16:00:00',1,0,NULL),(3,1,1044,14,6,9.9,'2016-09-19 16:00:00','2016-09-19 16:00:00',1,0,NULL),(4,1,968,7,6,9.9,'2016-09-19 16:00:00','2016-09-19 16:00:00',1,0,NULL),(5,1,1044,15,10,13.9,'2016-09-19 16:00:00','2016-09-19 16:00:00',1,0,NULL),(6,1,968,8,10,13.9,'2016-09-19 16:00:00','2016-09-19 16:00:00',1,0,NULL),(7,1,1044,16,14,19.9,'2016-09-19 16:00:00','2016-09-19 16:00:00',1,0,NULL),(8,1,968,11,14,19.9,'2016-09-19 16:00:00','2016-09-19 16:00:00',1,0,NULL),(9,1,1044,17,20,24.9,'2016-09-19 16:00:00','2016-09-19 16:00:00',1,0,NULL),(10,1,968,12,20,24.9,'2016-09-19 16:00:00','2016-09-19 16:00:00',1,0,NULL),(11,1,969,6,25,300,'2016-09-19 16:00:00','2016-09-19 16:00:00',1,0,NULL),(12,1,22,6,25,300,'2016-09-19 16:00:00','2016-09-19 16:00:00',1,0,NULL),(31,5,734,6,35,300,'2016-09-19 16:00:00','2016-09-19 16:00:00',1,0,NULL),(32,5,22,6,25,300,'2016-09-19 16:00:00','2016-09-19 16:00:00',1,0,NULL),(39,2,736,13,3,5.9,'2016-09-19 16:00:00','2016-09-19 16:00:00',1,0,NULL),(40,2,736,14,6,9.9,'2016-09-19 16:00:00','2016-09-19 16:00:00',1,0,NULL),(41,2,736,15,10,13.9,'2016-09-19 16:00:00','2016-09-19 16:00:00',1,0,NULL),(42,2,736,16,14,19.9,'2016-09-19 16:00:00','2016-09-19 16:00:00',1,0,NULL),(43,2,736,17,20,24.9,'2016-09-19 16:00:00','2016-09-19 16:00:00',1,0,NULL),(44,2,39,13,25,300,'2016-09-19 16:00:00','2016-09-19 16:00:00',1,0,NULL),(45,2,732,6,3,5.9,'2016-09-19 16:00:00','2016-09-19 16:00:00',1,0,NULL),(46,2,732,7,6,9.9,'2016-09-19 16:00:00','2016-09-19 16:00:00',1,0,NULL),(47,2,732,8,10,13.9,'2016-09-19 16:00:00','2016-09-19 16:00:00',1,0,NULL),(48,2,732,11,14,19.9,'2016-09-19 16:00:00','2016-09-19 16:00:00',1,0,NULL),(49,2,732,12,20,24.9,'2016-09-19 16:00:00','2016-09-19 16:00:00',1,0,NULL),(50,2,731,6,25,300,'2016-09-19 16:00:00','2016-09-19 16:00:00',1,0,NULL);
/*!40000 ALTER TABLE `moh_regimen_ingredient_starter_packs` ENABLE KEYS */;
UNLOCK TABLES;

--
-- Table structure for table `moh_regimen_lookup`
--

DROP TABLE IF EXISTS `moh_regimen_lookup`;
/*!40101 SET @saved_cs_client     = @@character_set_client */;
/*!50503 SET character_set_client = utf8mb4 */;
CREATE TABLE `moh_regimen_lookup` (
  `regimen_lookup_id` int NOT NULL AUTO_INCREMENT,
  `num_of_drug_combination` int DEFAULT NULL,
  `regimen_name` varchar(5) NOT NULL,
  `drug_inventory_id` int DEFAULT NULL,
  `date_created` datetime DEFAULT NULL,
  `date_updated` datetime DEFAULT NULL,
  `creator` int DEFAULT NULL,
  `voided` tinyint(1) NOT NULL DEFAULT '0',
  `voided_by` int DEFAULT NULL,
  PRIMARY KEY (`regimen_lookup_id`)
) ENGINE=InnoDB AUTO_INCREMENT=50 DEFAULT CHARSET=latin1;
/*!40101 SET character_set_client = @saved_cs_client */;

--
-- Dumping data for table `moh_regimen_lookup`
--

LOCK TABLES `moh_regimen_lookup` WRITE;
/*!40000 ALTER TABLE `moh_regimen_lookup` DISABLE KEYS */;
INSERT INTO `moh_regimen_lookup` VALUES (1,2,'0P',1044,'2016-09-19 16:00:00','2016-09-19 16:00:00',1,0,NULL),(2,2,'0P',968,'2016-09-19 16:00:00','2016-09-19 16:00:00',1,0,NULL),(3,2,'0A',969,'2016-09-19 16:00:00','2016-09-19 16:00:00',1,0,NULL),(4,2,'0A',22,'2016-09-19 16:00:00','2016-09-19 16:00:00',1,0,NULL),(5,1,'2P',732,'2016-09-19 16:00:00','2016-09-19 16:00:00',1,0,NULL),(6,1,'2A',731,'2016-09-19 16:00:00','2016-09-19 16:00:00',1,0,NULL),(7,2,'4P',736,'2016-09-19 16:00:00','2016-09-19 16:00:00',1,0,NULL),(8,2,'4P',30,'2016-09-19 16:00:00','2016-09-19 16:00:00',1,0,NULL),(9,2,'4A',39,'2016-09-19 16:00:00','2016-09-19 16:00:00',1,0,NULL),(10,2,'4A',11,'2016-09-19 16:00:00','2016-09-19 16:00:00',1,0,NULL),(11,1,'5A',735,'2016-09-19 16:00:00','2016-09-19 16:00:00',1,0,NULL),(12,2,'6A',734,'2016-09-19 16:00:00','2016-09-19 16:00:00',1,0,NULL),(13,2,'6A',22,'2016-09-19 16:00:00','2016-09-19 16:00:00',1,0,NULL),(14,2,'7A',734,'2016-09-19 16:00:00','2016-09-19 16:00:00',1,0,NULL),(15,2,'7A',932,'2016-09-19 16:00:00','2016-09-19 16:00:00',1,0,NULL),(16,2,'8A',39,'2016-09-19 16:00:00','2016-09-19 16:00:00',1,0,NULL),(17,2,'8A',932,'2016-09-19 16:00:00','2016-09-19 16:00:00',1,0,NULL),(18,2,'9P',1044,'2016-09-19 16:00:00','2016-09-19 16:00:00',1,0,NULL),(19,2,'9P',74,'2016-09-19 16:00:00','2016-09-19 16:00:00',1,0,NULL),(20,2,'9A',969,'2016-09-19 16:00:00','2016-09-19 16:00:00',1,0,NULL),(21,2,'9A',73,'2016-09-19 16:00:00','2016-09-19 16:00:00',1,0,NULL),(22,2,'10A',734,'2016-09-19 16:00:00','2016-09-19 16:00:00',1,0,NULL),(23,2,'10A',73,'2016-09-19 16:00:00','2016-09-19 16:00:00',1,0,NULL),(24,2,'11P',736,'2016-09-19 16:00:00','2016-09-19 16:00:00',1,0,NULL),(25,2,'11P',74,'2016-09-19 16:00:00','2016-09-19 16:00:00',1,0,NULL),(26,2,'11A',39,'2016-09-19 16:00:00','2016-09-19 16:00:00',1,0,NULL),(27,2,'11A',73,'2016-09-19 16:00:00','2016-09-19 16:00:00',1,0,NULL),(28,4,'12A',976,'2016-09-19 16:00:00','2016-09-19 16:00:00',1,0,NULL),(29,4,'12A',977,'2016-09-19 16:00:00','2016-09-19 16:00:00',1,0,NULL),(30,4,'12A',954,'2016-09-19 16:00:00','2016-09-19 16:00:00',1,0,NULL),(31,4,'12A',978,'2016-09-19 16:00:00','2016-09-19 16:00:00',1,0,NULL),(33,2,'9P',979,'2016-09-19 16:00:00','2016-09-19 16:00:00',1,0,NULL),(34,2,'11P',979,'2016-09-19 16:00:00','2016-09-19 16:00:00',1,0,NULL),(35,1,'13A',983,'2019-08-09 11:00:58','2019-08-09 11:00:58',1,0,NULL),(36,2,'14A',984,'2019-08-09 11:01:41','2019-08-09 11:01:41',1,0,NULL),(37,2,'14A',982,'2019-08-09 11:01:49','2019-08-09 11:01:49',1,0,NULL),(38,2,'16P',1044,'2019-12-12 13:00:00','2019-12-12 13:00:00',1,0,NULL),(39,2,'16P',1043,'2019-12-12 13:00:00','2019-12-12 13:00:00',1,0,NULL),(40,2,'16A',954,'2019-12-12 13:00:00','2019-12-12 13:00:00',1,0,NULL),(41,2,'16A',969,'2019-12-12 13:00:00','2019-12-12 13:00:00',1,0,NULL),(42,2,'17A',969,'2019-12-12 13:00:00','2019-12-12 13:00:00',1,0,NULL),(43,2,'17A',11,'2019-12-12 13:00:00','2019-12-12 13:00:00',1,0,NULL),(44,2,'17P',1044,'2019-12-12 13:00:00','2019-12-12 13:00:00',1,0,NULL),(45,2,'17P',30,'2019-12-12 13:00:00','2019-12-12 13:00:00',1,0,NULL),(46,2,'9P',1045,'2020-06-29 15:24:43','2020-06-29 15:24:43',1,0,NULL),(47,2,'11P',1045,'2020-06-29 15:24:52','2020-06-29 15:24:52',1,0,NULL),(48,2,'15PP',980,'2021-06-23 12:39:40','2021-06-23 12:39:40',1,0,NULL),(49,1,'5A',1217,'2022-03-11 13:30:00','2022-03-11 13:30:00',1,0,NULL);
/*!40000 ALTER TABLE `moh_regimen_lookup` ENABLE KEYS */;
UNLOCK TABLES;

--
-- Table structure for table `moh_regimen_ingredient_tb_treatment`
--

DROP TABLE IF EXISTS `moh_regimen_ingredient_tb_treatment`;
/*!40101 SET @saved_cs_client     = @@character_set_client */;
/*!50503 SET character_set_client = utf8mb4 */;
CREATE TABLE `moh_regimen_ingredient_tb_treatment` (
  `ingredient_id` int NOT NULL DEFAULT '0',
  `regimen_id` int DEFAULT NULL,
  `drug_inventory_id` int DEFAULT NULL,
  `dose_id` int DEFAULT NULL,
  `min_weight` float DEFAULT NULL,
  `max_weight` float DEFAULT NULL,
  `date_created` datetime DEFAULT NULL,
  `date_updated` datetime DEFAULT NULL,
  `creator` int DEFAULT NULL,
  `voided` tinyint(1) NOT NULL DEFAULT '0',
  `voided_by` int DEFAULT NULL
) ENGINE=InnoDB DEFAULT CHARSET=latin1;
/*!40101 SET character_set_client = @saved_cs_client */;

--
-- Dumping data for table `moh_regimen_ingredient_tb_treatment`
--

LOCK TABLES `moh_regimen_ingredient_tb_treatment` WRITE;
/*!40000 ALTER TABLE `moh_regimen_ingredient_tb_treatment` DISABLE KEYS */;
INSERT INTO `moh_regimen_ingredient_tb_treatment` VALUES (33,6,73,18,35,300,'2016-09-19 16:00:00','2016-09-19 16:00:00',1,0,NULL),(34,6,734,6,35,300,'2016-09-19 16:00:00','2016-09-19 16:00:00',1,0,NULL),(35,7,39,1,25,300,'2016-09-19 16:00:00','2016-09-19 16:00:00',1,0,NULL),(36,7,73,18,35,300,'2016-09-19 16:00:00','2016-09-19 16:00:00',1,0,NULL);
/*!40000 ALTER TABLE `moh_regimen_ingredient_tb_treatment` ENABLE KEYS */;
UNLOCK TABLES;

--
-- Table structure for table `alternative_drug_names`
--

DROP TABLE IF EXISTS `alternative_drug_names`;
/*!40101 SET @saved_cs_client     = @@character_set_client */;
/*!50503 SET character_set_client = utf8mb4 */;
CREATE TABLE `alternative_drug_names` (
  `id` bigint NOT NULL AUTO_INCREMENT,
  `name` varchar(255) NOT NULL,
  `short_name` varchar(255) DEFAULT NULL,
  `drug_inventory_id` int NOT NULL,
  `created_at` datetime NOT NULL,
  `updated_at` datetime NOT NULL,
  PRIMARY KEY (`id`)
) ENGINE=InnoDB AUTO_INCREMENT=86 DEFAULT CHARSET=utf8mb3;
/*!40101 SET character_set_client = @saved_cs_client */;

--
-- Dumping data for table `alternative_drug_names`
--

LOCK TABLES `alternative_drug_names` WRITE;
/*!40000 ALTER TABLE `alternative_drug_names` DISABLE KEYS */;
INSERT INTO `alternative_drug_names` VALUES (1,'EFV 600','EFV 600',11,'2018-12-19 09:13:48','2021-03-24 15:26:06'),(2,'Nevirapine 10mg/ml','NVP 10',21,'2018-12-19 09:13:49','2018-12-19 09:13:49'),(3,'NVP 200','NVP 200',22,'2018-12-19 09:13:49','2021-03-24 15:32:26'),(4,'INH 100','Isoniazid 100',24,'2018-12-19 09:13:49','2018-12-19 09:13:49'),(5,'EFV 200','EFV 200',30,'2018-12-19 09:13:49','2021-03-24 15:25:43'),(6,'AZT 300 / 3TC 150','AZT 300 / 3TC 150',39,'2018-12-19 09:13:49','2021-03-24 15:17:00'),(7,'LPV 200 / r 50','LPV/r 200/50',73,'2018-12-19 09:13:49','2021-03-24 15:30:57'),(8,'LPV 100 / r 25','LPV/ r  100/25',74,'2018-12-19 09:13:49','2021-03-24 15:30:09'),(9,'Pyridoxine 50','Pyridoxine 50',76,'2018-12-19 09:13:49','2018-12-19 09:13:49'),(10,'CPT 480','CTX 480',297,'2018-12-19 09:13:49','2018-12-19 09:13:49'),(11,'CPT 960','CTX 960',576,'2018-12-19 09:13:49','2018-12-19 09:13:49'),(12,'d4T 40 / 3TC 150 / NVP 200','d4T 150 /3TC 30 / NVP 200',613,'2018-12-19 09:13:49','2021-03-24 15:27:56'),(13,'AZT 300 / 3TC 150 / NVP 200','AZT 300 / 3TC 150 / NVP 200',731,'2018-12-19 09:13:49','2021-03-24 15:18:06'),(14,'AZT 60 / 3TC  30 / NVP 50','AZT 30 / 3TC 60 / NVP 50',732,'2018-12-19 09:13:49','2021-03-24 15:19:16'),(15,'ABC 60 / 3TC 30','ABC 60 / 3TC 30',733,'2018-12-19 09:13:49','2021-03-24 15:13:34'),(16,'TDF 300 / 3TC 300','TDF 300 / 3TC 300',734,'2018-12-19 09:13:49','2021-03-24 15:37:10'),(17,'TDF 300 / 3TC 300 / EFV 600','TDF 300 / 3TC 300 / EFV 600',735,'2018-12-19 09:13:49','2021-03-24 15:37:49'),(18,'AZT 60 / 3TC 30','AZT 60 / 3TC 30',736,'2018-12-19 09:13:49','2021-03-24 15:17:28'),(19,'d4T 30 / 3TC 150','d4T 30 / 3TC 150',738,'2018-12-19 09:13:49','2021-03-24 15:26:42'),(20,'INH 300','Isoniazid 300',931,'2018-12-19 09:13:49','2018-12-19 09:13:49'),(21,'ATV 300 / r 100','ATV/r 300/100',932,'2018-12-19 09:13:49','2021-03-24 15:15:37'),(22,'CPT 120','CTX 120',963,'2018-12-19 09:13:49','2018-12-19 09:13:49'),(23,'NVP 50','NVP 50',968,'2018-12-19 09:13:49','2021-03-24 15:32:39'),(24,'ABC 600 / 3TC 300','ABC 600 / 3TC 300',969,'2018-12-19 09:13:49','2021-03-24 15:14:04'),(25,'Nevirapine 10mg/ml','NVP 10',971,'2018-12-19 09:13:49','2018-12-19 09:13:49'),(26,'DTG 10','DTG 10',980,'2018-12-19 09:13:49','2021-03-24 15:24:46'),(27,'DTG 25','DTG 25',981,'2018-12-19 09:13:49','2021-03-24 15:25:01'),(28,'DTG 50','DTG 50',982,'2018-12-19 09:13:49','2021-03-24 15:25:15'),(29,'DRV 600','DRV 600',976,'2018-12-19 09:13:49','2021-03-24 15:21:42'),(30,'r 100','r 100',977,'2018-12-19 09:13:49','2021-03-24 15:36:08'),(31,'d4T 30','d 4T (Stavudine 30mg tablet)',5,'2019-01-23 13:14:06','2021-03-24 15:23:48'),(32,'d4T 40','d 4T (Stavudine 40mg tablet)',6,'2019-01-23 13:14:06','2021-03-24 15:24:01'),(33,'d4T 20','d 4T (Stavudine 20mg tablet)',31,'2019-01-23 13:14:06','2021-03-24 15:23:30'),(34,'d4T 15','d 4T (Stavudine 15mg tablet)',32,'2019-01-23 13:14:06','2021-03-24 15:23:08'),(35,'d 4T (Stavudine syrup)','d 4T (Stavudine syrup)',95,'2019-01-23 13:14:06','2019-01-23 13:14:06'),(36,'3TC (Lamivudine syrup 10mg / mL from 100mL bottle)','3TC (Lamivudine syrup 10mg / mL from 100mL bottle)',41,'2019-01-23 13:14:06','2019-01-23 13:14:06'),(37,'3TC 150','3TC (Lamivudine 150mg tablet)',42,'2019-01-23 13:14:06','2021-03-24 15:11:47'),(38,'Lamivudine (5ml bottle)','Lamivudine (5ml bottle)',177,'2019-01-23 13:14:06','2019-01-23 13:14:06'),(39,'3TC 300','Lamivudine 300',957,'2019-01-23 13:14:06','2021-03-24 15:29:37'),(40,'Zidolam','Zidolam',89,'2019-01-23 13:14:06','2019-01-23 13:14:06'),(41,'AZT 300 / 3TC 300','AZT 300 / 3TC 300',984,'2019-01-23 13:14:06','2019-01-23 13:14:06'),(42,'NVP (Nevirapine syrup 1mL / dose in 25mL bottle)','NVP (Nevirapine syrup 1mL / dose in 25mL bottle)',817,'2019-01-23 13:14:06','2019-01-23 13:14:06'),(43,'EFV 100','EFV (Efavirenz 100mg tablet)',28,'2019-01-23 13:14:06','2021-03-24 15:25:28'),(44,'EFV 50','EFV (Efavirenz 50mg tablet)',29,'2019-01-23 13:14:06','2021-03-24 15:25:54'),(45,'NFV','NFV(Nelfinavir)',951,'2019-01-23 13:14:06','2021-03-24 15:32:15'),(46,'Triomune - 30','Triomune - 30',2,'2019-01-23 13:14:06','2019-01-23 13:14:06'),(47,'Triomune - 40','Triomune - 40',3,'2019-01-23 13:14:06','2019-01-23 13:14:06'),(48,'d4T 6 / 3TC 30 / NVP 50','Triomune baby (d 4T / 3TC / NVP 6 / 30 / 50mg tablet)',72,'2019-01-23 13:14:06','2021-03-24 15:38:43'),(49,'Duovir - N','Duovir - N',104,'2019-01-23 13:14:06','2019-01-23 13:14:06'),(50,'D 4T + 3TC / D 4T + 3TC + NVP','D 4T + 3TC / D 4T + 3TC + NVP',730,'2019-01-23 13:14:06','2019-01-23 13:14:06'),(51,'d4T 12 / 3TC 60 / NVP 100','Triomune junior (d 4T / 3TC / NVP 12 / 60 / 100mg tablet)',813,'2019-01-23 13:14:06','2021-03-24 15:39:18'),(52,'LPV / r (cold; Lopanavir and Ritonavir 166 mg tab)','LPV / r (cold; Lopanavir and Ritonavir 166 mg tab)',23,'2019-01-23 13:14:06','2019-01-23 13:14:06'),(53,'LPV / r','LPV / r (Lopinavir and Ritonavir syrup)',94,'2019-01-23 13:14:06','2021-03-24 15:31:29'),(54,'LPV 133 / r 33','LPV / r (Lopinavir and Ritonavir 133 / 33mg tablet)',739,'2019-01-23 13:14:06','2021-03-24 15:30:32'),(55,'DDI 125','DDI (Didanosine 125mg tablet)',9,'2019-01-23 13:14:06','2021-03-24 15:21:57'),(56,'DDI 200','DDI (Didanosine 200mg tablet)',10,'2019-01-23 13:14:06','2021-03-24 15:24:34'),(57,'AZT (Zidovudine syrup 10mg / mL from 100ml bottle)','AZT (Zidovudine syrup 10mg / mL from 100ml bottle)',36,'2019-01-23 13:14:06','2019-01-23 13:14:06'),(58,'AZT 100','AZT (Zidovudine 100mg tablet)',37,'2019-01-23 13:14:06','2021-03-24 15:15:59'),(59,'AZT 300','AZT (Zidovudine 300mg tablet)',38,'2019-01-23 13:14:06','2021-03-24 15:16:13'),(60,'TDF 300','TDF (Tenofavir 300 mg tablet)',14,'2019-01-23 13:14:06','2021-03-24 15:36:31'),(61,'ABC 300','ABC (Abacavir 300mg tablet)',40,'2019-01-23 13:14:06','2021-03-24 15:12:07'),(62,'AZT / 3TC / NVP','AZT / 3TC / NVP',614,'2019-01-23 13:14:06','2019-01-23 13:14:06'),(63,'d4T / 3TC / EFV','d 4T / 3TC / EFV (Stavudine Lamvudine Efavirenz)',955,'2019-01-23 13:14:06','2021-03-24 15:28:30'),(64,'LS 30 (Stavudine and Lamivudine 30mg tablet)','LS 30 (Stavudine and Lamivudine 30mg tablet)',70,'2019-01-23 13:14:06','2019-01-23 13:14:06'),(65,'Lamivir baby (Stavudine and Lamivudine 6 / 30mg tabl','Lamivir baby (Stavudine and Lamivudine 6 / 30mg tabl',71,'2019-01-23 13:14:06','2019-01-23 13:14:06'),(66,'Coviro 30','Coviro 30 (Lamivudine  +  Stavudine 150 / 30 mg tablet)',90,'2019-01-23 13:14:06','2021-03-24 15:22:29'),(67,'Coviro 40','Coviro 40 (Lamivudine  +  Stavudine 150 / 40mg tablet)',91,'2019-01-23 13:14:06','2021-03-24 15:22:45'),(68,'d4T 6 / 3TC 30','d 4T / 3TC (Stavudine Lamivudine 6 / 30mg tablet)',737,'2019-01-23 13:14:06','2021-03-24 15:27:08'),(69,'DDI / ABC / LPV / r','DDI / ABC / LPV / r',815,'2019-01-23 13:14:06','2019-01-23 13:14:06'),(70,'AZT / 3TC / TDF / LPV / r','AZT / 3TC / TDF / LPV / r',816,'2019-01-23 13:14:06','2019-01-23 13:14:06'),(71,'TDF 300 / d4T 300','TDF / d 4T (Tenofavir and Stavudine 300 / 300mg tablet',814,'2019-01-23 13:14:06','2021-03-24 15:38:13'),(72,'TDF / 3TC  +  ALT / r','TDF / 3TC  +  ALT / r',933,'2019-01-23 13:14:06','2019-01-23 13:14:06'),(73,'AZT / 3TC  +  ALT / r','AZT / 3TC  +  ALT / r',934,'2019-01-23 13:14:06','2019-01-23 13:14:06'),(74,'ATV','ATV / (Atazanavir)',952,'2019-01-23 13:14:06','2021-03-24 15:14:59'),(75,'RAL 400','RAL (Raltegravir 400mg)',954,'2019-01-23 13:14:06','2021-03-24 15:35:39'),(76,'ETV 100','Etravirine 100mg',978,'2019-01-23 13:14:06','2021-03-24 15:29:14'),(77,'LPV / r Pellets','LPV / r pellets',979,'2019-01-23 13:14:06','2021-03-24 15:31:59'),(78,'TDF 300 / 3TC 300 / DTG 50','TDF 300 / 3TC 300 / DTG 50',983,'2019-01-23 13:14:06','2019-01-23 13:14:06'),(79,'ABC 120 / 3TC 60','ABC 120 / 3TC 60',1044,'2021-03-24 15:12:27','2021-03-24 15:12:53'),(80,'RAL 25','RAL 25',1043,'2021-03-24 15:35:25','2021-03-24 15:35:25'),(81,'LPV / r Granules','LPV / r Granules',1045,'2021-03-24 15:39:54','2021-03-24 15:39:54'),(82,'EFV 400','EFV 400',1213,'2022-03-07 11:38:48','2022-03-07 11:38:48'),(83,'DRV 150','DRV 150',1214,'2022-03-07 11:38:48','2022-03-07 11:38:48'),(84,'r 50','r 50',1215,'2022-03-07 11:38:48','2022-03-07 11:38:48'),(85,'TDF 300 / 3TC 300 / EFV 400','TDF 300 / 3TC 300 / EFV 400',1217,'2022-03-07 11:38:48','2022-03-07 11:38:48');
/*!40000 ALTER TABLE `alternative_drug_names` ENABLE KEYS */;
UNLOCK TABLES;

--
-- Table structure for table `moh_regimen_combination`
--

DROP TABLE IF EXISTS `moh_regimen_combination`;
/*!40101 SET @saved_cs_client     = @@character_set_client */;
/*!50503 SET character_set_client = utf8mb4 */;
CREATE TABLE `moh_regimen_combination` (
  `regimen_combination_id` int NOT NULL AUTO_INCREMENT,
  `regimen_name_id` int NOT NULL,
  `created_at` datetime NOT NULL,
  `updated_at` datetime NOT NULL,
  PRIMARY KEY (`regimen_combination_id`)
) ENGINE=InnoDB AUTO_INCREMENT=106 DEFAULT CHARSET=utf8mb4 COLLATE=utf8mb4_0900_ai_ci;
/*!40101 SET character_set_client = @saved_cs_client */;

--
-- Dumping data for table `moh_regimen_combination`
--

LOCK TABLES `moh_regimen_combination` WRITE;
/*!40000 ALTER TABLE `moh_regimen_combination` DISABLE KEYS */;
INSERT INTO `moh_regimen_combination` VALUES (1,1,'2020-07-29 00:00:00','2020-07-29 00:00:00'),(2,1,'2020-07-29 00:00:00','2020-07-29 00:00:00'),(3,1,'2020-07-29 00:00:00','2020-07-29 00:00:00'),(4,1,'2020-07-29 00:00:00','2020-07-29 00:00:00'),(5,1,'2020-07-29 00:00:00','2020-07-29 00:00:00'),(6,10,'2020-07-29 00:00:00','2020-07-29 00:00:00'),(7,27,'2020-07-29 00:00:00','2020-07-29 00:00:00'),(8,26,'2020-07-29 00:00:00','2020-07-29 00:00:00'),(9,2,'2020-07-29 00:00:00','2020-07-29 00:00:00'),(10,2,'2020-07-29 00:00:00','2020-07-29 00:00:00'),(11,2,'2020-07-29 00:00:00','2020-07-29 00:00:00'),(12,2,'2020-07-29 00:00:00','2020-07-29 00:00:00'),(13,11,'2020-07-29 00:00:00','2020-07-29 00:00:00'),(14,11,'2020-07-29 00:00:00','2020-07-29 00:00:00'),(15,28,'2020-07-29 00:00:00','2020-07-29 00:00:00'),(17,3,'2020-07-29 00:00:00','2020-07-29 00:00:00'),(19,12,'2020-07-29 00:00:00','2020-07-29 00:00:00'),(20,13,'2020-07-29 00:00:00','2020-07-29 00:00:00'),(21,14,'2020-07-29 00:00:00','2020-07-29 00:00:00'),(22,15,'2020-07-29 00:00:00','2020-07-29 00:00:00'),(23,16,'2020-07-29 00:00:00','2020-07-29 00:00:00'),(24,4,'2020-07-29 00:00:00','2020-07-29 00:00:00'),(25,4,'2020-07-29 00:00:00','2020-07-29 00:00:00'),(26,4,'2020-07-29 00:00:00','2020-07-29 00:00:00'),(28,4,'2020-07-29 00:00:00','2020-07-29 00:00:00'),(30,4,'2020-07-29 00:00:00','2020-07-29 00:00:00'),(31,4,'2020-07-29 00:00:00','2020-07-29 00:00:00'),(32,17,'2020-07-29 00:00:00','2020-07-29 00:00:00'),(33,18,'2020-07-29 00:00:00','2020-07-29 00:00:00'),(35,5,'2020-07-29 00:00:00','2020-07-29 00:00:00'),(37,5,'2020-07-29 00:00:00','2020-07-29 00:00:00'),(38,19,'2020-07-29 00:00:00','2020-07-29 00:00:00'),(39,20,'2020-07-29 00:00:00','2020-07-29 00:00:00'),(40,21,'2020-07-29 00:00:00','2020-07-29 00:00:00'),(41,21,'2020-07-29 00:00:00','2020-07-29 00:00:00'),(42,21,'2020-07-29 00:00:00','2020-07-29 00:00:00'),(45,23,'2020-07-29 00:00:00','2020-07-29 00:00:00'),(47,7,'2020-07-29 00:00:00','2020-07-29 00:00:00'),(49,7,'2020-07-29 00:00:00','2020-07-29 00:00:00'),(52,24,'2020-07-29 00:00:00','2020-07-29 00:00:00'),(53,8,'2020-07-29 00:00:00','2020-07-29 00:00:00'),(54,8,'2020-07-29 00:00:00','2020-07-29 00:00:00'),(55,8,'2020-07-29 00:00:00','2020-07-29 00:00:00'),(56,25,'2020-07-29 00:00:00','2020-07-29 00:00:00'),(58,9,'2020-07-29 00:00:00','2020-07-29 00:00:00'),(59,9,'2020-07-29 00:00:00','2020-07-29 00:00:00'),(60,9,'2020-07-29 00:00:00','2020-07-29 00:00:00'),(61,9,'2020-07-29 00:00:00','2020-07-29 00:00:00'),(62,9,'2020-07-29 00:00:00','2020-07-29 00:00:00'),(63,9,'2020-07-29 00:00:00','2020-07-29 00:00:00'),(64,9,'2020-07-29 00:00:00','2020-07-29 00:00:00'),(65,9,'2020-07-29 00:00:00','2020-07-29 00:00:00'),(66,29,'2020-07-29 00:00:00','2020-07-29 00:00:00'),(67,4,'2020-07-29 15:00:54','2020-07-29 15:00:54'),(68,4,'2020-07-29 15:00:54','2020-07-29 15:00:54'),(69,4,'2020-07-29 15:00:54','2020-07-29 15:00:54'),(70,5,'2020-07-29 15:02:23','2020-07-29 15:02:23'),(71,7,'2020-09-14 06:21:44','2020-09-14 06:21:44'),(72,7,'2020-09-14 06:21:44','2020-09-14 06:21:44'),(73,22,'2021-06-21 17:19:25','2021-06-21 17:19:25'),(74,30,'2021-06-22 13:15:47','2021-06-22 13:15:47'),(75,22,'2021-06-28 13:47:10','2021-06-28 13:47:10'),(78,31,'2021-06-29 07:20:49','2021-06-29 07:20:49'),(80,33,'2022-03-07 13:03:23','2022-03-07 13:03:23'),(82,13,'2022-03-07 13:11:49','2022-03-07 13:11:49'),(83,34,'2022-03-07 13:17:53','2022-03-07 13:17:53'),(84,35,'2022-03-07 13:22:11','2022-03-07 13:22:11'),(86,37,'2022-03-07 13:28:22','2022-03-07 13:28:22'),(88,38,'2022-03-07 13:33:57','2022-03-07 13:33:57'),(90,39,'2022-03-07 13:38:54','2022-03-07 13:38:54'),(91,25,'2022-03-07 13:42:04','2022-03-07 13:42:04'),(92,40,'2022-03-07 13:42:46','2022-03-07 13:42:46'),(93,41,'2022-03-09 18:43:34','2022-03-09 18:43:34'),(94,42,'2022-03-09 18:47:33','2022-03-09 18:47:33'),(97,43,'2022-03-09 19:00:05','2022-03-09 19:00:05'),(98,44,'2022-03-09 19:04:34','2022-03-09 19:04:34'),(99,45,'2022-03-09 19:06:33','2022-03-09 19:06:33'),(100,12,'2022-03-14 11:34:58','2022-03-14 11:34:58'),(101,20,'2024-10-03 09:46:16','2024-10-03 09:46:16'),(103,20,'2024-10-03 09:49:19','2024-10-03 09:49:19'),(104,20,'2024-10-03 09:50:53','2024-10-03 09:50:53'),(105,44,'2024-10-03 09:53:49','2024-10-03 09:53:49');
/*!40000 ALTER TABLE `moh_regimen_combination` ENABLE KEYS */;
UNLOCK TABLES;

--
-- Table structure for table `moh_regimen_combination_drug`
--

DROP TABLE IF EXISTS `moh_regimen_combination_drug`;
/*!40101 SET @saved_cs_client     = @@character_set_client */;
/*!50503 SET character_set_client = utf8mb4 */;
CREATE TABLE `moh_regimen_combination_drug` (
  `regimen_combination_drug_id` int NOT NULL AUTO_INCREMENT,
  `regimen_combination_id` int NOT NULL,
  `drug_id` int NOT NULL,
  `created_at` datetime NOT NULL,
  `updated_at` datetime NOT NULL,
  PRIMARY KEY (`regimen_combination_drug_id`)
) ENGINE=InnoDB AUTO_INCREMENT=214 DEFAULT CHARSET=utf8mb4 COLLATE=utf8mb4_0900_ai_ci;
/*!40101 SET character_set_client = @saved_cs_client */;

--
-- Dumping data for table `moh_regimen_combination_drug`
--

LOCK TABLES `moh_regimen_combination_drug` WRITE;
/*!40000 ALTER TABLE `moh_regimen_combination_drug` DISABLE KEYS */;
INSERT INTO `moh_regimen_combination_drug` VALUES (1,1,733,'2020-07-29 00:00:00','2020-07-29 00:00:00'),(2,1,968,'2020-07-29 00:00:00','2020-07-29 00:00:00'),(3,2,22,'2020-07-29 00:00:00','2020-07-29 00:00:00'),(4,2,733,'2020-07-29 00:00:00','2020-07-29 00:00:00'),(5,3,969,'2020-07-29 00:00:00','2020-07-29 00:00:00'),(6,3,968,'2020-07-29 00:00:00','2020-07-29 00:00:00'),(7,4,968,'2020-07-29 00:00:00','2020-07-29 00:00:00'),(8,4,1044,'2020-07-29 00:00:00','2020-07-29 00:00:00'),(9,5,22,'2020-07-29 00:00:00','2020-07-29 00:00:00'),(10,5,1044,'2020-07-29 00:00:00','2020-07-29 00:00:00'),(11,6,22,'2020-07-29 00:00:00','2020-07-29 00:00:00'),(12,6,969,'2020-07-29 00:00:00','2020-07-29 00:00:00'),(13,7,613,'2020-07-29 00:00:00','2020-07-29 00:00:00'),(14,8,72,'2020-07-29 00:00:00','2020-07-29 00:00:00'),(15,9,732,'2020-07-29 00:00:00','2020-07-29 00:00:00'),(16,10,732,'2020-07-29 00:00:00','2020-07-29 00:00:00'),(17,10,736,'2020-07-29 00:00:00','2020-07-29 00:00:00'),(18,11,732,'2020-07-29 00:00:00','2020-07-29 00:00:00'),(19,11,39,'2020-07-29 00:00:00','2020-07-29 00:00:00'),(20,12,731,'2020-07-29 00:00:00','2020-07-29 00:00:00'),(21,12,736,'2020-07-29 00:00:00','2020-07-29 00:00:00'),(22,13,731,'2020-07-29 00:00:00','2020-07-29 00:00:00'),(23,14,731,'2020-07-29 00:00:00','2020-07-29 00:00:00'),(24,14,39,'2020-07-29 00:00:00','2020-07-29 00:00:00'),(25,15,955,'2020-07-29 00:00:00','2020-07-29 00:00:00'),(26,16,30,'2020-07-29 00:00:00','2020-07-29 00:00:00'),(27,16,736,'2020-07-29 00:00:00','2020-07-29 00:00:00'),(28,17,11,'2020-07-29 00:00:00','2020-07-29 00:00:00'),(29,17,736,'2020-07-29 00:00:00','2020-07-29 00:00:00'),(30,18,30,'2020-07-29 00:00:00','2020-07-29 00:00:00'),(31,18,39,'2020-07-29 00:00:00','2020-07-29 00:00:00'),(32,19,11,'2020-07-29 00:00:00','2020-07-29 00:00:00'),(33,19,39,'2020-07-29 00:00:00','2020-07-29 00:00:00'),(34,20,735,'2020-07-29 00:00:00','2020-07-29 00:00:00'),(35,21,22,'2020-07-29 00:00:00','2020-07-29 00:00:00'),(36,21,734,'2020-07-29 00:00:00','2020-07-29 00:00:00'),(37,22,932,'2020-07-29 00:00:00','2020-07-29 00:00:00'),(38,22,734,'2020-07-29 00:00:00','2020-07-29 00:00:00'),(39,23,932,'2020-07-29 00:00:00','2020-07-29 00:00:00'),(40,23,39,'2020-07-29 00:00:00','2020-07-29 00:00:00'),(41,24,74,'2020-07-29 00:00:00','2020-07-29 00:00:00'),(42,24,733,'2020-07-29 00:00:00','2020-07-29 00:00:00'),(43,25,73,'2020-07-29 00:00:00','2020-07-29 00:00:00'),(44,25,733,'2020-07-29 00:00:00','2020-07-29 00:00:00'),(45,26,733,'2020-07-29 00:00:00','2020-07-29 00:00:00'),(46,26,979,'2020-07-29 00:00:00','2020-07-29 00:00:00'),(47,27,74,'2020-07-29 00:00:00','2020-07-29 00:00:00'),(48,27,969,'2020-07-29 00:00:00','2020-07-29 00:00:00'),(49,28,969,'2020-07-29 00:00:00','2020-07-29 00:00:00'),(50,28,979,'2020-07-29 00:00:00','2020-07-29 00:00:00'),(51,29,74,'2020-07-29 00:00:00','2020-07-29 00:00:00'),(52,29,1044,'2020-07-29 00:00:00','2020-07-29 00:00:00'),(53,30,73,'2020-07-29 00:00:00','2020-07-29 00:00:00'),(54,30,1044,'2020-07-29 00:00:00','2020-07-29 00:00:00'),(55,31,979,'2020-07-29 00:00:00','2020-07-29 00:00:00'),(56,31,1044,'2020-07-29 00:00:00','2020-07-29 00:00:00'),(57,32,73,'2020-07-29 00:00:00','2020-07-29 00:00:00'),(58,32,969,'2020-07-29 00:00:00','2020-07-29 00:00:00'),(59,33,73,'2020-07-29 00:00:00','2020-07-29 00:00:00'),(60,33,734,'2020-07-29 00:00:00','2020-07-29 00:00:00'),(61,34,74,'2020-07-29 00:00:00','2020-07-29 00:00:00'),(62,34,736,'2020-07-29 00:00:00','2020-07-29 00:00:00'),(63,35,73,'2020-07-29 00:00:00','2020-07-29 00:00:00'),(64,35,736,'2020-07-29 00:00:00','2020-07-29 00:00:00'),(65,36,39,'2020-07-29 00:00:00','2020-07-29 00:00:00'),(66,36,74,'2020-07-29 00:00:00','2020-07-29 00:00:00'),(67,37,736,'2020-07-29 00:00:00','2020-07-29 00:00:00'),(68,37,979,'2020-07-29 00:00:00','2020-07-29 00:00:00'),(69,38,39,'2020-07-29 00:00:00','2020-07-29 00:00:00'),(70,38,73,'2020-07-29 00:00:00','2020-07-29 00:00:00'),(71,39,976,'2020-07-29 00:00:00','2020-07-29 00:00:00'),(72,39,977,'2020-07-29 00:00:00','2020-07-29 00:00:00'),(73,39,982,'2020-07-29 00:00:00','2020-07-29 00:00:00'),(74,40,983,'2020-07-29 00:00:00','2020-07-29 00:00:00'),(75,41,734,'2020-07-29 00:00:00','2020-07-29 00:00:00'),(76,41,982,'2020-07-29 00:00:00','2020-07-29 00:00:00'),(77,42,982,'2020-07-29 00:00:00','2020-07-29 00:00:00'),(78,42,983,'2020-07-29 00:00:00','2020-07-29 00:00:00'),(79,43,982,'2020-07-29 00:00:00','2020-07-29 00:00:00'),(80,43,984,'2020-07-29 00:00:00','2020-07-29 00:00:00'),(81,44,736,'2020-07-29 00:00:00','2020-07-29 00:00:00'),(82,44,969,'2020-07-29 00:00:00','2020-07-29 00:00:00'),(83,45,982,'2020-07-29 00:00:00','2020-07-29 00:00:00'),(84,45,969,'2020-07-29 00:00:00','2020-07-29 00:00:00'),(85,46,982,'2020-07-29 00:00:00','2020-07-29 00:00:00'),(86,46,1044,'2020-07-29 00:00:00','2020-07-29 00:00:00'),(87,47,981,'2020-07-29 00:00:00','2020-07-29 00:00:00'),(88,47,1044,'2020-07-29 00:00:00','2020-07-29 00:00:00'),(89,48,980,'2020-07-29 00:00:00','2020-07-29 00:00:00'),(90,48,1044,'2020-07-29 00:00:00','2020-07-29 00:00:00'),(91,49,982,'2020-07-29 00:00:00','2020-07-29 00:00:00'),(92,49,733,'2020-07-29 00:00:00','2020-07-29 00:00:00'),(93,50,981,'2020-07-29 00:00:00','2020-07-29 00:00:00'),(94,50,981,'2020-07-29 00:00:00','2020-07-29 00:00:00'),(95,51,980,'2020-07-29 00:00:00','2020-07-29 00:00:00'),(96,51,980,'2020-07-29 00:00:00','2020-07-29 00:00:00'),(97,52,954,'2020-07-29 00:00:00','2020-07-29 00:00:00'),(98,52,969,'2020-07-29 00:00:00','2020-07-29 00:00:00'),(99,53,1043,'2020-07-29 00:00:00','2020-07-29 00:00:00'),(100,53,1044,'2020-07-29 00:00:00','2020-07-29 00:00:00'),(101,54,954,'2020-07-29 00:00:00','2020-07-29 00:00:00'),(102,54,1044,'2020-07-29 00:00:00','2020-07-29 00:00:00'),(103,55,954,'2020-07-29 00:00:00','2020-07-29 00:00:00'),(104,55,733,'2020-07-29 00:00:00','2020-07-29 00:00:00'),(105,56,11,'2020-07-29 00:00:00','2020-07-29 00:00:00'),(106,56,969,'2020-07-29 00:00:00','2020-07-29 00:00:00'),(107,57,30,'2020-07-29 00:00:00','2020-07-29 00:00:00'),(108,57,1044,'2020-07-29 00:00:00','2020-07-29 00:00:00'),(109,58,30,'2020-07-29 00:00:00','2020-07-29 00:00:00'),(110,58,733,'2020-07-29 00:00:00','2020-07-29 00:00:00'),(111,59,733,'2020-07-29 00:00:00','2020-07-29 00:00:00'),(112,59,954,'2020-07-29 00:00:00','2020-07-29 00:00:00'),(113,60,29,'2020-07-29 00:00:00','2020-07-29 00:00:00'),(114,60,733,'2020-07-29 00:00:00','2020-07-29 00:00:00'),(115,61,28,'2020-07-29 00:00:00','2020-07-29 00:00:00'),(116,61,733,'2020-07-29 00:00:00','2020-07-29 00:00:00'),(117,62,11,'2020-07-29 00:00:00','2020-07-29 00:00:00'),(118,62,733,'2020-07-29 00:00:00','2020-07-29 00:00:00'),(119,63,29,'2020-07-29 00:00:00','2020-07-29 00:00:00'),(120,63,1044,'2020-07-29 00:00:00','2020-07-29 00:00:00'),(121,64,24,'2020-07-29 00:00:00','2020-07-29 00:00:00'),(122,64,1044,'2020-07-29 00:00:00','2020-07-29 00:00:00'),(123,65,11,'2020-07-29 00:00:00','2020-07-29 00:00:00'),(124,65,1044,'2020-07-29 00:00:00','2020-07-29 00:00:00'),(125,66,1046,'2020-07-29 00:00:00','2020-07-29 00:00:00'),(126,67,733,'2020-07-29 15:00:54','2020-07-29 15:00:54'),(127,67,1045,'2020-07-29 15:00:54','2020-07-29 15:00:54'),(128,68,969,'2020-07-29 15:00:54','2020-07-29 15:00:54'),(129,68,1045,'2020-07-29 15:00:54','2020-07-29 15:00:54'),(130,69,1044,'2020-07-29 15:00:54','2020-07-29 15:00:54'),(131,69,1045,'2020-07-29 15:00:54','2020-07-29 15:00:54'),(132,70,736,'2020-07-29 15:02:23','2020-07-29 15:02:23'),(133,70,1045,'2020-07-29 15:02:23','2020-07-29 15:02:23'),(134,71,733,'2020-09-14 06:21:44','2020-09-14 06:21:44'),(135,71,980,'2020-09-14 06:21:44','2020-09-14 06:21:44'),(136,72,733,'2020-09-14 06:21:44','2020-09-14 06:21:44'),(137,72,981,'2020-09-14 06:21:44','2020-09-14 06:21:44'),(138,73,39,'2021-06-21 17:19:25','2021-06-21 17:19:25'),(139,73,982,'2021-06-21 17:19:25','2021-06-21 17:19:25'),(140,74,1044,'2021-06-22 13:15:47','2021-06-22 13:15:47'),(141,74,980,'2021-06-22 13:15:47','2021-06-22 13:15:47'),(142,75,984,'2021-06-28 13:47:10','2021-06-28 13:47:10'),(143,75,982,'2021-06-28 13:47:10','2021-06-28 13:47:10'),(144,76,733,'2021-06-29 07:19:42','2021-06-29 07:19:42'),(145,76,982,'2021-06-29 07:19:42','2021-06-29 07:19:42'),(146,77,733,'2021-06-29 07:19:42','2021-06-29 07:19:42'),(147,77,980,'2021-06-29 07:19:42','2021-06-29 07:19:42'),(148,78,736,'2021-06-29 07:20:49','2021-06-29 07:20:49'),(149,78,980,'2021-06-29 07:20:49','2021-06-29 07:20:49'),(150,79,736,'2021-06-29 07:52:58','2021-06-29 07:52:58'),(151,79,982,'2021-06-29 07:52:58','2021-06-29 07:52:58'),(152,80,39,'2022-03-07 13:03:23','2022-03-07 13:03:23'),(153,80,30,'2022-03-07 13:03:23','2022-03-07 13:03:23'),(154,81,39,'2022-03-07 13:04:43','2022-03-07 13:04:43'),(155,81,30,'2022-03-07 13:04:43','2022-03-07 13:04:43'),(156,82,1217,'2022-03-07 13:11:49','2022-03-07 13:11:49'),(157,83,969,'2022-03-07 13:17:53','2022-03-07 13:17:53'),(158,83,74,'2022-03-07 13:17:53','2022-03-07 13:17:53'),(159,84,39,'2022-03-07 13:22:11','2022-03-07 13:22:11'),(160,84,74,'2022-03-07 13:22:11','2022-03-07 13:22:11'),(161,85,1214,'2022-03-07 13:25:47','2022-03-07 13:25:47'),(162,85,1215,'2022-03-07 13:25:47','2022-03-07 13:25:47'),(163,85,980,'2022-03-07 13:25:47','2022-03-07 13:25:47'),(164,86,1214,'2022-03-07 13:28:22','2022-03-07 13:28:22'),(165,86,1215,'2022-03-07 13:28:22','2022-03-07 13:28:22'),(166,86,982,'2022-03-07 13:28:22','2022-03-07 13:28:22'),(167,87,736,'2022-03-07 13:31:36','2022-03-07 13:31:36'),(168,87,980,'2022-03-07 13:31:36','2022-03-07 13:31:36'),(169,88,736,'2022-03-07 13:33:57','2022-03-07 13:33:57'),(170,88,982,'2022-03-07 13:33:57','2022-03-07 13:33:57'),(171,89,1044,'2022-03-07 13:36:25','2022-03-07 13:36:25'),(172,89,980,'2022-03-07 13:36:25','2022-03-07 13:36:25'),(173,90,1044,'2022-03-07 13:38:54','2022-03-07 13:38:54'),(174,90,982,'2022-03-07 13:38:54','2022-03-07 13:38:54'),(175,91,969,'2022-03-07 13:42:04','2022-03-07 13:42:04'),(176,91,1213,'2022-03-07 13:42:04','2022-03-07 13:42:04'),(177,92,969,'2022-03-07 13:42:46','2022-03-07 13:42:46'),(178,92,30,'2022-03-07 13:42:46','2022-03-07 13:42:46'),(179,93,736,'2022-03-09 18:43:34','2022-03-09 18:43:34'),(180,93,30,'2022-03-09 18:43:34','2022-03-09 18:43:34'),(181,94,1044,'2022-03-09 18:47:33','2022-03-09 18:47:33'),(182,94,74,'2022-03-09 18:47:33','2022-03-09 18:47:33'),(183,95,736,'2022-03-09 18:56:04','2022-03-09 18:56:04'),(184,95,30,'2022-03-09 18:56:04','2022-03-09 18:56:04'),(185,96,1044,'2022-03-09 18:57:09','2022-03-09 18:57:09'),(186,96,74,'2022-03-09 18:57:09','2022-03-09 18:57:09'),(187,97,736,'2022-03-09 19:00:05','2022-03-09 19:00:05'),(188,97,74,'2022-03-09 19:00:05','2022-03-09 19:00:05'),(189,98,1214,'2022-03-09 19:04:34','2022-03-09 19:04:34'),(190,98,1215,'2022-03-09 19:04:34','2022-03-09 19:04:34'),(191,98,980,'2022-03-09 19:04:34','2022-03-09 19:04:34'),(192,99,1044,'2022-03-09 19:06:33','2022-03-09 19:06:33'),(193,99,30,'2022-03-09 19:06:33','2022-03-09 19:06:33'),(194,100,39,'2022-03-14 11:34:58','2022-03-14 11:34:58'),(195,100,1213,'2022-03-14 11:34:58','2022-03-14 11:34:58'),(196,101,983,'2024-10-03 09:46:16','2024-10-03 09:46:16'),(197,101,976,'2024-10-03 09:46:16','2024-10-03 09:46:16'),(198,101,977,'2024-10-03 09:46:16','2024-10-03 09:46:16'),(199,102,984,'2024-10-03 09:48:00','2024-10-03 09:48:00'),(200,102,976,'2024-10-03 09:48:00','2024-10-03 09:48:00'),(201,102,977,'2024-10-03 09:48:00','2024-10-03 09:48:00'),(202,103,984,'2024-10-03 09:49:19','2024-10-03 09:49:19'),(203,103,976,'2024-10-03 09:49:19','2024-10-03 09:49:19'),(204,103,982,'2024-10-03 09:49:19','2024-10-03 09:49:19'),(205,103,977,'2024-10-03 09:49:19','2024-10-03 09:49:19'),(206,104,734,'2024-10-03 09:50:53','2024-10-03 09:50:53'),(207,104,976,'2024-10-03 09:50:53','2024-10-03 09:50:53'),(208,104,982,'2024-10-03 09:50:54','2024-10-03 09:50:54'),(209,104,977,'2024-10-03 09:50:54','2024-10-03 09:50:54'),(210,105,736,'2024-10-03 09:53:49','2024-10-03 09:53:49'),(211,105,1214,'2024-10-03 09:53:49','2024-10-03 09:53:49'),(212,105,980,'2024-10-03 09:53:49','2024-10-03 09:53:49'),(213,105,1215,'2024-10-03 09:53:49','2024-10-03 09:53:49');
/*!40000 ALTER TABLE `moh_regimen_combination_drug` ENABLE KEYS */;
UNLOCK TABLES;

--
-- Table structure for table `moh_regimen_name`
--

DROP TABLE IF EXISTS `moh_regimen_name`;
/*!40101 SET @saved_cs_client     = @@character_set_client */;
/*!50503 SET character_set_client = utf8mb4 */;
CREATE TABLE `moh_regimen_name` (
  `regimen_name_id` int NOT NULL AUTO_INCREMENT,
  `name` varchar(255) NOT NULL,
  `created_at` datetime NOT NULL,
  `updated_at` datetime NOT NULL,
  PRIMARY KEY (`regimen_name_id`)
) ENGINE=InnoDB AUTO_INCREMENT=46 DEFAULT CHARSET=utf8mb4 COLLATE=utf8mb4_0900_ai_ci;
/*!40101 SET character_set_client = @saved_cs_client */;

--
-- Dumping data for table `moh_regimen_name`
--

LOCK TABLES `moh_regimen_name` WRITE;
/*!40000 ALTER TABLE `moh_regimen_name` DISABLE KEYS */;
INSERT INTO `moh_regimen_name` VALUES (1,'0P','2020-07-29 00:00:00','2020-07-29 00:00:00'),(2,'2P','2020-07-29 00:00:00','2020-07-29 00:00:00'),(3,'4P','2020-07-29 00:00:00','2020-07-29 00:00:00'),(4,'9P','2020-07-29 00:00:00','2020-07-29 00:00:00'),(5,'11P','2020-07-29 00:00:00','2020-07-29 00:00:00'),(6,'14P','2020-07-29 00:00:00','2020-07-29 00:00:00'),(7,'15P','2020-07-29 00:00:00','2020-07-29 00:00:00'),(8,'16P','2020-07-29 00:00:00','2020-07-29 00:00:00'),(9,'17P','2020-07-29 00:00:00','2020-07-29 00:00:00'),(10,'0A','2020-07-29 00:00:00','2020-07-29 00:00:00'),(11,'2A','2020-07-29 00:00:00','2020-07-29 00:00:00'),(12,'4A','2020-07-29 00:00:00','2020-07-29 00:00:00'),(13,'5A','2020-07-29 00:00:00','2020-07-29 00:00:00'),(14,'6A','2020-07-29 00:00:00','2020-07-29 00:00:00'),(15,'7A','2020-07-29 00:00:00','2020-07-29 00:00:00'),(16,'8A','2020-07-29 00:00:00','2020-07-29 00:00:00'),(17,'9A','2020-07-29 00:00:00','2020-07-29 00:00:00'),(18,'10A','2020-07-29 00:00:00','2020-07-29 00:00:00'),(19,'11A','2020-07-29 00:00:00','2020-07-29 00:00:00'),(20,'12A','2020-07-29 00:00:00','2020-07-29 00:00:00'),(21,'13A','2020-07-29 00:00:00','2020-07-29 00:00:00'),(22,'14A','2020-07-29 00:00:00','2020-07-29 00:00:00'),(23,'15A','2020-07-29 00:00:00','2020-07-29 00:00:00'),(24,'16A','2020-07-29 00:00:00','2020-07-29 00:00:00'),(25,'17A','2020-07-29 00:00:00','2020-07-29 00:00:00'),(26,'1P','2020-07-29 00:00:00','2020-07-29 00:00:00'),(27,'1A','2020-07-29 00:00:00','2020-07-29 00:00:00'),(28,'3P','2020-07-29 00:00:00','2020-07-29 00:00:00'),(29,'Other','2020-07-29 00:00:00','2020-07-29 00:00:00'),(30,'15PP','2021-06-22 13:14:38','2021-06-22 13:14:38'),(31,'14PP','2021-06-29 07:20:31','2021-06-29 07:20:31'),(33,'4PA','2022-03-07 13:02:21','2022-03-07 13:02:21'),(34,'9PA','2022-03-07 13:17:12','2022-03-07 13:17:12'),(35,'11PA','2022-03-07 13:21:17','2022-03-07 13:21:17'),(36,'12P','2022-03-07 13:23:52','2022-03-07 13:23:52'),(37,'12PA','2022-03-07 13:27:22','2022-03-07 13:27:22'),(38,'14PA','2022-03-07 13:33:25','2022-03-07 13:33:25'),(39,'15PA','2022-03-07 13:38:09','2022-03-07 13:38:09'),(40,'17PA','2022-03-07 13:41:25','2022-03-07 13:41:25'),(41,'4PP','2022-03-09 18:42:50','2022-03-09 18:42:50'),(42,'9PP','2022-03-09 18:46:05','2022-03-09 18:46:05'),(43,'11PP','2022-03-09 18:58:30','2022-03-09 18:58:30'),(44,'12PP','2022-03-09 19:03:41','2022-03-09 19:03:41'),(45,'17PP','2022-03-09 19:06:01','2022-03-09 19:06:01');
/*!40000 ALTER TABLE `moh_regimen_name` ENABLE KEYS */;
UNLOCK TABLES;
/*!40103 SET TIME_ZONE=@OLD_TIME_ZONE */;

/*!40101 SET SQL_MODE=@OLD_SQL_MODE */;
/*!40014 SET FOREIGN_KEY_CHECKS=@OLD_FOREIGN_KEY_CHECKS */;
/*!40014 SET UNIQUE_CHECKS=@OLD_UNIQUE_CHECKS */;
/*!40101 SET CHARACTER_SET_CLIENT=@OLD_CHARACTER_SET_CLIENT */;
/*!40101 SET CHARACTER_SET_RESULTS=@OLD_CHARACTER_SET_RESULTS */;
/*!40101 SET COLLATION_CONNECTION=@OLD_COLLATION_CONNECTION */;
/*!40111 SET SQL_NOTES=@OLD_SQL_NOTES */;

-- Dump completed on 2024-10-03 12:04:51
